subject_id,quality,quality_1,quality_2,quality_3,quality_4,service,service_1,service_2,service_3,value,value_1,value_2,value_3,quality_score,service_score,value_score
1,3.0,1.0,5.0,3.0,4.0,5,5,5,5,1,1,2,1,3.25,5.0,1.3333333333333333
2,4.0,5.0,3.0,3.0,4.0,1,3,1,1,4,5,4,5,3.75,1.6666666666666667,4.666666666666667
3,3.0,2.0,3.0,3.0,3.0,2,4,3,1,4,5,2,5,2.75,2.6666666666666665,4.0
4,4.0,3.0,4.0,2.0,5.0,5,5,5,5,3,4,3,3,3.5,5.0,3.3333333333333335
5,4.0,5.0,4.0,4.0,3.0,1,1,1,1,3,4,3,4,4.0,1.0,3.6666666666666665
6,5.0,3.0,5.0,5.0,5.0,2,1,2,3,2,3,2,3,4.5,2.0,2.6666666666666665
7,5.0,4.0,4.0,5.0,3.0,1,1,1,1,1,2,1,1,4.0,1.0,1.3333333333333333
8,4.0,4.0,4.0,5.0,5.0,2,2,4,2,3,1,3,3,4.5,2.6666666666666665,2.3333333333333335
9,4.0,2.0,5.0,5.0,4.0,4,2,3,4,1,1,2,2,4.0,3.0,1.6666666666666667
10,4.0,4.0,4.0,5.0,4.0,5,5,4,5,4,5,4,4,4.25,4.666666666666667,4.333333333333333
11,3.0,1.0,5.0,2.0,3.0,3,5,1,4,4,2,4,4,2.75,3.3333333333333335,3.3333333333333335
12,4.0,5.0,3.0,2.0,5.0,1,1,1,1,2,1,2,3,3.75,1.0,2.0
13,4.0,2.0,5.0,5.0,4.0,1,2,1,1,3,4,2,4,4.0,1.3333333333333333,3.3333333333333335
14,5.0,4.0,5.0,5.0,5.0,5,5,5,4,2,3,2,1,4.75,4.666666666666667,2.0
15,4.0,4.0,3.0,2.0,4.0,5,5,5,3,3,3,5,4,3.25,4.333333333333333,4.0
16,5.0,5.0,3.0,5.0,3.0,4,3,3,4,3,3,1,3,4.0,3.3333333333333335,2.3333333333333335
17,4.0,3.0,5.0,3.0,2.0,3,2,3,3,3,3,2,3,3.25,2.6666666666666665,2.6666666666666665
18,5.0,4.0,5.0,5.0,4.0,5,5,5,4,3,3,3,5,4.5,4.666666666666667,3.6666666666666665
19,4.0,5.0,5.0,4.0,4.0,1,3,2,2,3,3,4,3,4.5,2.3333333333333335,3.3333333333333335
20,4.0,4.0,5.0,4.0,2.0,4,2,4,5,1,2,1,2,3.75,3.6666666666666665,1.6666666666666667
21,4.0,2.0,5.0,5.0,4.0,5,5,5,5,2,3,2,4,4.0,5.0,3.0
22,4.0,5.0,4.0,2.0,5.0,5,5,5,5,3,2,2,3,4.0,5.0,2.3333333333333335
23,5.0,5.0,5.0,5.0,5.0,5,5,5,4,4,5,4,5,5.0,4.666666666666667,4.666666666666667
24,4.0,5.0,5.0,5.0,5.0,1,1,1,2,1,1,1,3,5.0,1.3333333333333333,1.6666666666666667
25,4.0,3.0,5.0,4.0,2.0,5,5,5,4,3,1,4,3,3.5,4.666666666666667,2.6666666666666665
26,5.0,5.0,5.0,3.0,3.0,5,5,5,3,3,3,4,4,4.0,4.333333333333333,3.6666666666666665
27,3.0,3.0,1.0,3.0,3.0,4,4,4,3,5,5,5,5,2.5,3.6666666666666665,5.0
28,4.0,5.0,4.0,5.0,4.0,5,5,5,5,4,5,5,3,4.5,5.0,4.333333333333333
29,4.0,4.0,3.0,5.0,4.0,5,5,5,5,3,5,4,4,4.0,5.0,4.333333333333333
30,4.0,5.0,5.0,4.0,5.0,4,4,4,2,1,2,2,2,4.75,3.3333333333333335,2.0
31,4.0,5.0,5.0,4.0,4.0,1,3,1,1,1,1,1,1,4.5,1.6666666666666667,1.0
32,3.0,3.0,3.0,2.0,4.0,1,3,1,2,3,4,2,2,3.0,2.0,2.6666666666666665
33,4.0,2.0,4.0,4.0,4.0,5,4,5,5,3,4,2,3,3.5,4.666666666666667,3.0
34,5.0,5.0,5.0,5.0,3.0,1,1,1,1,3,3,4,1,4.5,1.0,2.6666666666666665
35,4.0,5.0,5.0,2.0,5.0,2,2,3,3,3,1,3,3,4.25,2.6666666666666665,2.3333333333333335
36,3.0,3.0,5.0,3.0,3.0,5,4,3,5,2,4,2,2,3.5,4.0,2.6666666666666665
37,4.0,3.0,2.0,5.0,5.0,3,3,3,1,4,4,4,5,3.75,2.3333333333333335,4.333333333333333
38,5.0,4.0,3.0,5.0,3.0,4,4,4,5,1,1,1,1,3.75,4.333333333333333,1.0
39,4.0,5.0,5.0,2.0,3.0,2,3,2,2,4,5,5,5,3.75,2.3333333333333335,5.0
40,5.0,5.0,5.0,5.0,5.0,5,5,5,5,2,3,3,2,5.0,5.0,2.6666666666666665
41,3.0,3.0,4.0,3.0,3.0,1,1,2,3,3,3,1,1,3.25,2.0,1.6666666666666667
42,2.0,2.0,2.0,2.0,3.0,5,4,5,5,3,2,3,4,2.25,4.666666666666667,3.0
43,4.0,5.0,2.0,5.0,5.0,4,4,5,5,2,3,1,1,4.25,4.666666666666667,1.6666666666666667
44,4.0,4.0,5.0,3.0,3.0,1,1,2,1,3,4,4,3,3.75,1.3333333333333333,3.6666666666666665
45,3.0,4.0,5.0,2.0,4.0,5,5,5,5,4,2,5,5,3.75,5.0,4.0
46,3.0,5.0,3.0,3.0,4.0,1,3,2,3,4,2,5,5,3.75,2.6666666666666665,4.0
47,4.0,4.0,2.0,5.0,4.0,5,5,5,5,1,1,1,3,3.75,5.0,1.6666666666666667
48,3.0,1.0,3.0,2.0,3.0,5,3,5,5,4,2,5,5,2.25,4.333333333333333,4.0
49,3.0,3.0,5.0,4.0,4.0,5,5,3,5,1,1,1,3,4.0,4.333333333333333,1.6666666666666667
50,4.0,4.0,4.0,2.0,4.0,4,5,5,4,4,5,5,3,3.5,4.666666666666667,4.333333333333333
51,5.0,5.0,3.0,3.0,5.0,5,3,5,5,2,3,1,1,4.0,4.333333333333333,1.6666666666666667
52,4.0,2.0,4.0,4.0,5.0,4,4,5,5,4,3,4,5,3.75,4.666666666666667,4.0
53,4.0,3.0,4.0,3.0,5.0,5,5,5,5,2,2,2,2,3.75,5.0,2.0
54,5.0,5.0,5.0,5.0,5.0,4,2,4,4,4,4,4,2,5.0,3.3333333333333335,3.3333333333333335
55,4.0,3.0,4.0,4.0,5.0,1,1,1,1,4,4,2,4,4.0,1.0,3.3333333333333335
56,4.0,5.0,4.0,2.0,2.0,4,4,5,2,3,3,3,3,3.25,3.6666666666666665,3.0
57,2.0,4.0,2.0,2.0,2.0,3,5,3,5,2,1,3,2,2.5,4.333333333333333,2.0
58,5.0,5.0,5.0,5.0,3.0,5,5,5,5,1,2,1,1,4.5,5.0,1.3333333333333333
59,5.0,5.0,5.0,5.0,4.0,5,5,4,5,2,1,2,3,4.75,4.666666666666667,2.0
60,4.0,3.0,5.0,3.0,3.0,5,5,5,5,3,3,4,3,3.5,5.0,3.3333333333333335
61,5.0,5.0,5.0,5.0,4.0,4,5,5,5,2,3,4,2,4.75,5.0,3.0
62,4.0,4.0,4.0,4.0,4.0,5,5,5,5,3,1,5,1,4.0,5.0,2.3333333333333335
63,4.0,3.0,4.0,4.0,5.0,5,4,5,5,1,1,2,3,4.0,4.666666666666667,2.0
64,4.0,5.0,4.0,4.0,5.0,4,5,2,3,2,1,3,3,4.5,3.3333333333333335,2.3333333333333335
65,5.0,5.0,3.0,5.0,5.0,5,5,5,5,2,2,2,1,4.5,5.0,1.6666666666666667
66,2.0,1.0,1.0,4.0,2.0,5,5,4,5,1,2,1,1,2.0,4.666666666666667,1.3333333333333333
67,4.0,5.0,5.0,2.0,5.0,5,5,4,5,4,5,5,2,4.25,4.666666666666667,4.0
68,4.0,5.0,4.0,5.0,4.0,1,1,2,3,3,5,5,5,4.5,2.0,5.0
69,4.0,5.0,5.0,3.0,4.0,1,1,1,1,3,4,1,3,4.25,1.0,2.6666666666666665
70,3.0,3.0,1.0,4.0,3.0,4,5,4,5,1,3,1,1,2.75,4.666666666666667,1.6666666666666667
71,4.0,4.0,4.0,5.0,4.0,5,5,5,5,1,1,2,1,4.25,5.0,1.3333333333333333
72,4.0,4.0,5.0,5.0,3.0,1,2,1,1,4,4,4,5,4.25,1.3333333333333333,4.333333333333333
73,3.0,5.0,3.0,3.0,4.0,5,5,5,4,3,5,4,3,3.75,4.666666666666667,4.0
74,3.0,2.0,4.0,3.0,3.0,1,1,1,2,3,3,5,3,3.0,1.3333333333333333,3.6666666666666665
75,5.0,5.0,5.0,5.0,5.0,5,5,4,3,2,1,1,2,5.0,4.0,1.3333333333333333
76,3.0,3.0,3.0,5.0,5.0,1,1,1,2,3,4,4,3,4.0,1.3333333333333333,3.6666666666666665
77,4.0,5.0,2.0,5.0,2.0,5,5,5,5,5,5,5,5,3.5,5.0,5.0
78,5.0,5.0,3.0,5.0,5.0,5,3,5,4,3,4,4,5,4.5,4.0,4.333333333333333
79,3.0,3.0,3.0,2.0,4.0,3,3,3,5,5,5,5,3,3.0,3.6666666666666665,4.333333333333333
80,4.0,2.0,5.0,5.0,3.0,2,1,3,3,3,1,4,4,3.75,2.3333333333333335,3.0
81,4.0,4.0,4.0,3.0,4.0,5,5,5,3,1,1,1,2,3.75,4.333333333333333,1.3333333333333333
82,3.0,1.0,3.0,2.0,4.0,4,4,4,4,3,1,3,3,2.5,4.0,2.3333333333333335
83,4.0,4.0,5.0,2.0,2.0,2,3,3,2,1,2,2,1,3.25,2.6666666666666665,1.6666666666666667
84,4.0,2.0,2.0,3.0,3.0,5,4,5,5,2,2,2,2,2.5,4.666666666666667,2.0
85,3.0,5.0,4.0,4.0,3.0,4,4,2,4,2,4,2,1,4.0,3.3333333333333335,2.3333333333333335
86,5.0,3.0,5.0,4.0,5.0,5,5,5,3,5,5,5,5,4.25,4.333333333333333,5.0
87,5.0,5.0,5.0,5.0,4.0,5,3,3,5,1,1,1,2,4.75,3.6666666666666665,1.3333333333333333
88,4.0,5.0,4.0,5.0,4.0,1,1,1,1,1,2,1,3,4.5,1.0,2.0
89,2.0,3.0,2.0,4.0,2.0,1,1,2,1,5,5,5,5,2.75,1.3333333333333333,5.0
90,2.0,3.0,2.0,1.0,1.0,4,5,3,5,2,4,2,3,1.75,4.333333333333333,3.0
91,4.0,5.0,3.0,4.0,4.0,4,5,4,4,1,3,3,1,4.0,4.333333333333333,2.3333333333333335
92,5.0,5.0,5.0,4.0,5.0,5,5,4,5,2,2,3,1,4.75,4.666666666666667,2.0
93,5.0,5.0,5.0,4.0,5.0,2,2,3,1,2,2,1,3,4.75,2.0,2.0
94,3.0,2.0,5.0,3.0,4.0,5,5,5,5,3,4,3,1,3.5,5.0,2.6666666666666665
95,3.0,1.0,3.0,1.0,3.0,5,3,5,5,5,5,5,3,2.0,4.333333333333333,4.333333333333333
96,5.0,3.0,5.0,5.0,3.0,1,1,2,1,2,3,2,3,4.0,1.3333333333333333,2.6666666666666665
97,5.0,3.0,5.0,5.0,5.0,2,1,1,1,1,1,1,1,4.5,1.0,1.0
98,2.0,2.0,3.0,1.0,2.0,1,2,1,3,1,2,3,2,2.0,2.0,2.3333333333333335
99,4.0,4.0,5.0,4.0,5.0,1,1,1,2,2,2,3,2,4.5,1.3333333333333333,2.3333333333333335
100,2.0,2.0,2.0,4.0,2.0,1,2,1,2,3,1,1,3,2.5,1.6666666666666667,1.6666666666666667
101,4.0,3.0,5.0,2.0,2.0,5,5,3,5,2,1,2,2,3.0,4.333333333333333,1.6666666666666667
102,3.0,3.0,4.0,3.0,3.0,1,3,1,1,1,1,1,2,3.25,1.6666666666666667,1.3333333333333333
103,3.0,3.0,3.0,3.0,2.0,5,5,5,5,3,3,4,5,2.75,5.0,4.0
104,3.0,3.0,1.0,4.0,2.0,1,2,1,3,2,3,3,2,2.5,2.0,2.6666666666666665
105,5.0,5.0,5.0,5.0,3.0,1,3,1,1,2,1,2,3,4.5,1.6666666666666667,2.0
106,5.0,4.0,5.0,5.0,4.0,5,4,5,5,4,5,5,5,4.5,4.666666666666667,5.0
107,4.0,5.0,5.0,5.0,5.0,1,1,3,1,3,3,3,4,5.0,1.6666666666666667,3.3333333333333335
108,3.0,3.0,1.0,4.0,3.0,5,4,3,5,3,4,3,1,2.75,4.0,2.6666666666666665
109,4.0,3.0,5.0,3.0,2.0,1,1,1,2,2,4,2,2,3.25,1.3333333333333333,2.6666666666666665
110,5.0,5.0,3.0,5.0,5.0,1,1,1,1,1,2,1,1,4.5,1.0,1.3333333333333333
111,3.0,5.0,5.0,4.0,3.0,1,1,1,1,2,2,1,1,4.25,1.0,1.3333333333333333
112,5.0,5.0,5.0,5.0,5.0,4,2,4,5,1,1,3,1,5.0,3.6666666666666665,1.6666666666666667
113,5.0,5.0,5.0,5.0,5.0,2,1,2,3,2,3,4,2,5.0,2.0,3.0
114,2.0,2.0,2.0,2.0,2.0,5,5,5,5,2,2,3,3,2.0,5.0,2.6666666666666665
115,4.0,4.0,4.0,3.0,5.0,1,3,1,1,3,1,4,5,4.0,1.6666666666666667,3.3333333333333335
116,4.0,4.0,5.0,4.0,2.0,5,4,5,5,1,2,1,1,3.75,4.666666666666667,1.3333333333333333
117,4.0,2.0,5.0,4.0,4.0,5,5,5,4,1,1,1,1,3.75,4.666666666666667,1.0
118,3.0,3.0,3.0,1.0,1.0,5,5,5,5,2,3,3,3,2.0,5.0,3.0
119,5.0,5.0,5.0,5.0,5.0,1,2,1,1,2,4,3,3,5.0,1.3333333333333333,3.3333333333333335
120,5.0,5.0,4.0,3.0,5.0,4,3,5,4,1,1,1,1,4.25,4.0,1.0
121,5.0,5.0,5.0,5.0,5.0,5,3,5,5,1,1,2,1,5.0,4.333333333333333,1.3333333333333333
122,4.0,4.0,4.0,2.0,2.0,5,5,5,3,3,3,4,3,3.0,4.333333333333333,3.3333333333333335
123,3.0,5.0,4.0,2.0,3.0,1,1,1,1,2,1,1,4,3.5,1.0,2.0
124,4.0,4.0,4.0,5.0,3.0,5,5,5,4,3,1,3,5,4.0,4.666666666666667,3.0
125,3.0,1.0,4.0,4.0,4.0,4,5,5,2,2,4,1,2,3.25,4.0,2.3333333333333335
126,4.0,3.0,4.0,3.0,4.0,5,5,5,5,3,5,2,4,3.5,5.0,3.6666666666666665
127,4.0,3.0,5.0,2.0,5.0,2,1,3,1,1,1,1,1,3.75,1.6666666666666667,1.0
128,3.0,3.0,5.0,4.0,3.0,1,2,1,1,1,1,2,2,3.75,1.3333333333333333,1.6666666666666667
129,5.0,5.0,5.0,4.0,4.0,1,1,1,1,2,2,3,4,4.5,1.0,3.0
130,4.0,2.0,5.0,2.0,5.0,5,3,5,5,1,1,1,2,3.5,4.333333333333333,1.3333333333333333
131,1.0,1.0,1.0,2.0,1.0,5,4,3,4,2,3,2,3,1.25,3.6666666666666665,2.6666666666666665
132,2.0,3.0,3.0,2.0,2.0,1,1,1,1,1,1,1,2,2.5,1.0,1.3333333333333333
133,4.0,3.0,4.0,3.0,4.0,1,1,1,3,3,3,1,2,3.5,1.6666666666666667,2.0
134,5.0,5.0,5.0,3.0,5.0,1,2,1,2,3,2,3,3,4.5,1.6666666666666667,2.6666666666666665
135,4.0,5.0,4.0,5.0,4.0,1,1,2,1,2,2,3,1,4.5,1.3333333333333333,2.0
136,4.0,2.0,5.0,5.0,4.0,5,5,5,3,3,2,5,3,4.0,4.333333333333333,3.3333333333333335
137,5.0,5.0,5.0,5.0,5.0,5,5,5,4,3,3,3,3,5.0,4.666666666666667,3.0
138,4.0,5.0,2.0,2.0,4.0,2,1,1,2,3,5,2,3,3.25,1.3333333333333333,3.3333333333333335
139,5.0,5.0,5.0,5.0,4.0,4,5,4,4,1,2,1,1,4.75,4.333333333333333,1.3333333333333333
140,4.0,4.0,3.0,4.0,5.0,5,5,5,5,2,2,1,2,4.0,5.0,1.6666666666666667
141,5.0,5.0,3.0,5.0,4.0,5,5,5,3,3,2,5,3,4.25,4.333333333333333,3.3333333333333335
142,2.0,1.0,2.0,2.0,2.0,5,5,5,5,3,3,4,3,1.75,5.0,3.3333333333333335
143,4.0,4.0,5.0,3.0,4.0,5,3,5,5,2,3,1,2,4.0,4.333333333333333,2.0
144,4.0,2.0,5.0,5.0,5.0,1,1,1,2,3,1,3,3,4.25,1.3333333333333333,2.3333333333333335
145,3.0,1.0,4.0,4.0,3.0,1,1,1,1,2,1,4,4,3.0,1.0,3.0
146,3.0,3.0,3.0,1.0,4.0,5,5,5,5,3,4,1,2,2.75,5.0,2.3333333333333335
147,2.0,4.0,3.0,1.0,3.0,5,5,4,5,1,1,1,1,2.75,4.666666666666667,1.0
148,4.0,4.0,3.0,4.0,2.0,5,5,5,5,1,1,1,2,3.25,5.0,1.3333333333333333
149,3.0,1.0,1.0,3.0,3.0,1,1,1,1,1,2,1,1,2.0,1.0,1.3333333333333333
150,4.0,3.0,4.0,4.0,4.0,4,3,3,4,4,4,4,5,3.75,3.3333333333333335,4.333333333333333
151,4.0,4.0,5.0,4.0,4.0,5,3,4,5,4,5,4,4,4.25,4.0,4.333333333333333
152,3.0,5.0,2.0,3.0,4.0,5,4,5,5,3,4,4,1,3.5,4.666666666666667,3.0
153,3.0,4.0,2.0,2.0,3.0,5,5,5,5,2,1,2,2,2.75,5.0,1.6666666666666667
154,4.0,4.0,5.0,2.0,5.0,5,3,5,5,3,3,1,4,4.0,4.333333333333333,2.6666666666666665
155,3.0,2.0,3.0,4.0,3.0,5,5,3,5,3,4,4,3,3.0,4.333333333333333,3.6666666666666665
156,4.0,2.0,5.0,5.0,5.0,5,5,3,5,2,1,1,1,4.25,4.333333333333333,1.0
157,4.0,4.0,5.0,3.0,3.0,2,1,2,2,2,4,1,3,3.75,1.6666666666666667,2.6666666666666665
158,4.0,5.0,5.0,3.0,2.0,1,1,2,1,1,2,1,1,3.75,1.3333333333333333,1.3333333333333333
159,4.0,4.0,4.0,3.0,2.0,5,5,5,5,1,2,1,2,3.25,5.0,1.6666666666666667
160,4.0,4.0,4.0,3.0,5.0,4,5,4,4,3,2,5,3,4.0,4.333333333333333,3.3333333333333335
161,4.0,5.0,4.0,5.0,2.0,2,3,1,1,3,4,3,3,4.0,1.6666666666666667,3.3333333333333335
162,3.0,3.0,5.0,4.0,4.0,1,2,2,1,2,1,3,1,4.0,1.6666666666666667,1.6666666666666667
163,4.0,5.0,4.0,3.0,5.0,3,4,4,2,3,4,3,5,4.25,3.3333333333333335,4.0
164,5.0,5.0,4.0,5.0,5.0,5,4,5,5,3,4,4,5,4.75,4.666666666666667,4.333333333333333
165,4.0,5.0,4.0,2.0,5.0,1,1,2,1,1,1,2,3,4.0,1.3333333333333333,2.0
166,4.0,5.0,4.0,4.0,4.0,1,2,1,1,4,2,5,5,4.25,1.3333333333333333,4.0
167,5.0,3.0,5.0,5.0,5.0,3,2,3,3,1,1,1,1,4.5,2.6666666666666665,1.0
168,3.0,5.0,4.0,1.0,3.0,1,1,2,3,1,1,3,1,3.25,2.0,1.6666666666666667
169,5.0,5.0,5.0,5.0,5.0,1,1,1,1,4,4,3,5,5.0,1.0,4.0
170,3.0,4.0,3.0,5.0,3.0,1,2,1,1,2,1,1,4,3.75,1.3333333333333333,2.0
171,3.0,4.0,5.0,3.0,5.0,4,4,5,2,3,3,4,4,4.25,3.6666666666666665,3.6666666666666665
172,4.0,4.0,4.0,3.0,4.0,5,3,5,5,1,1,1,1,3.75,4.333333333333333,1.0
173,4.0,5.0,4.0,5.0,4.0,1,3,2,2,2,2,2,2,4.5,2.3333333333333335,2.0
174,4.0,3.0,5.0,4.0,4.0,2,1,4,2,4,3,5,5,4.0,2.3333333333333335,4.333333333333333
175,4.0,5.0,5.0,5.0,5.0,5,5,5,5,1,1,2,1,5.0,5.0,1.3333333333333333
176,4.0,5.0,4.0,5.0,3.0,4,4,4,5,1,1,3,2,4.25,4.333333333333333,2.0
177,4.0,4.0,4.0,5.0,5.0,5,5,3,4,2,1,2,2,4.5,4.0,1.6666666666666667
178,4.0,5.0,4.0,5.0,4.0,5,5,5,5,4,3,2,3,4.5,5.0,2.6666666666666665
179,2.0,3.0,3.0,4.0,4.0,2,1,1,1,1,1,1,1,3.5,1.0,1.0
180,5.0,5.0,3.0,5.0,5.0,5,3,3,5,1,2,1,2,4.5,3.6666666666666665,1.6666666666666667
181,5.0,5.0,5.0,5.0,5.0,5,5,5,5,2,3,3,3,5.0,5.0,3.0
182,3.0,3.0,3.0,4.0,2.0,1,2,1,1,2,2,2,3,3.0,1.3333333333333333,2.3333333333333335
183,4.0,5.0,4.0,4.0,3.0,1,1,1,2,2,1,2,2,4.0,1.3333333333333333,1.6666666666666667
184,4.0,5.0,4.0,4.0,2.0,5,5,5,5,1,2,1,1,3.75,5.0,1.3333333333333333
185,4.0,3.0,4.0,5.0,2.0,1,1,1,1,1,3,1,3,3.5,1.0,2.3333333333333335
186,4.0,4.0,5.0,5.0,4.0,4,5,4,4,1,1,1,2,4.5,4.333333333333333,1.3333333333333333
187,3.0,4.0,4.0,3.0,3.0,1,2,2,2,2,1,1,2,3.5,2.0,1.3333333333333333
188,2.0,1.0,3.0,2.0,2.0,5,3,3,5,2,1,4,1,2.0,3.6666666666666665,2.0
189,5.0,3.0,5.0,5.0,3.0,4,4,5,5,2,3,3,3,4.0,4.666666666666667,3.0
190,3.0,5.0,1.0,5.0,4.0,1,1,2,1,2,4,3,1,3.75,1.3333333333333333,2.6666666666666665
191,3.0,5.0,5.0,4.0,4.0,4,5,2,4,3,3,3,3,4.5,3.6666666666666665,3.0
192,4.0,5.0,4.0,5.0,3.0,1,1,1,2,2,1,4,2,4.25,1.3333333333333333,2.3333333333333335
193,2.0,1.0,3.0,3.0,2.0,4,5,2,4,1,2,1,2,2.25,3.6666666666666665,1.6666666666666667
194,3.0,1.0,5.0,3.0,3.0,5,5,4,5,2,3,2,3,3.0,4.666666666666667,2.6666666666666665
195,5.0,5.0,5.0,5.0,4.0,1,1,2,2,2,3,4,3,4.75,1.6666666666666667,3.3333333333333335
196,4.0,4.0,4.0,5.0,4.0,4,3,3,2,3,4,2,4,4.25,2.6666666666666665,3.3333333333333335
197,3.0,4.0,3.0,4.0,4.0,2,3,3,4,1,1,2,1,3.75,3.3333333333333335,1.3333333333333333
198,5.0,5.0,5.0,4.0,5.0,1,3,2,1,2,2,3,3,4.75,2.0,2.6666666666666665
199,2.0,3.0,4.0,4.0,2.0,1,1,1,2,3,3,3,3,3.25,1.3333333333333333,3.0
200,5.0,5.0,5.0,5.0,5.0,4,4,2,4,2,3,1,2,5.0,3.3333333333333335,2.0
201,4.0,4.0,5.0,5.0,4.0,4,2,5,3,2,3,2,3,4.5,3.3333333333333335,2.6666666666666665
202,4.0,5.0,2.0,2.0,2.0,5,4,5,5,1,1,1,1,2.75,4.666666666666667,1.0
203,5.0,4.0,5.0,5.0,5.0,2,3,2,1,4,4,5,5,4.75,2.0,4.666666666666667
204,3.0,3.0,4.0,3.0,3.0,1,1,3,1,2,1,2,2,3.25,1.6666666666666667,1.6666666666666667
205,5.0,5.0,3.0,5.0,4.0,2,2,2,2,4,5,2,4,4.25,2.0,3.6666666666666665
206,4.0,4.0,5.0,5.0,3.0,5,5,5,4,3,3,4,1,4.25,4.666666666666667,2.6666666666666665
207,5.0,5.0,3.0,5.0,5.0,1,1,1,1,5,5,5,5,4.5,1.0,5.0
208,3.0,3.0,4.0,3.0,4.0,1,2,1,1,5,5,5,5,3.5,1.3333333333333333,5.0
209,3.0,4.0,1.0,1.0,4.0,1,3,2,3,3,3,5,3,2.5,2.6666666666666665,3.6666666666666665
210,3.0,3.0,3.0,2.0,3.0,4,4,5,4,3,1,4,5,2.75,4.333333333333333,3.3333333333333335
211,2.0,1.0,3.0,3.0,4.0,4,5,4,3,4,4,5,4,2.75,4.0,4.333333333333333
212,2.0,2.0,3.0,2.0,3.0,4,4,4,5,1,1,1,1,2.5,4.333333333333333,1.0
213,3.0,5.0,3.0,3.0,3.0,1,2,1,1,1,1,1,1,3.5,1.3333333333333333,1.0
214,3.0,1.0,3.0,3.0,3.0,4,4,5,4,2,1,3,3,2.5,4.333333333333333,2.3333333333333335
215,3.0,4.0,2.0,3.0,3.0,4,5,4,4,4,4,5,5,3.0,4.333333333333333,4.666666666666667
216,4.0,4.0,2.0,5.0,3.0,5,4,3,5,1,2,2,1,3.5,4.0,1.6666666666666667
217,5.0,5.0,5.0,5.0,5.0,4,3,4,4,2,2,1,2,5.0,3.6666666666666665,1.6666666666666667
218,3.0,3.0,3.0,1.0,3.0,5,4,5,4,2,1,3,2,2.5,4.333333333333333,2.0
219,4.0,5.0,2.0,2.0,4.0,5,5,5,5,2,4,1,1,3.25,5.0,2.0
220,3.0,4.0,1.0,1.0,2.0,1,1,1,2,2,2,3,3,2.0,1.3333333333333333,2.6666666666666665
221,3.0,5.0,5.0,3.0,1.0,5,3,3,5,2,2,1,3,3.5,3.6666666666666665,2.0
222,4.0,5.0,5.0,4.0,4.0,1,1,1,2,1,2,1,3,4.5,1.3333333333333333,2.0
223,2.0,2.0,2.0,1.0,1.0,1,1,1,1,1,1,2,1,1.5,1.0,1.3333333333333333
224,3.0,3.0,1.0,3.0,4.0,1,1,1,1,5,4,5,4,2.75,1.0,4.333333333333333
225,4.0,4.0,5.0,3.0,4.0,5,5,5,4,2,2,2,3,4.0,4.666666666666667,2.3333333333333335
226,5.0,5.0,5.0,3.0,5.0,3,2,5,4,1,1,1,1,4.5,3.6666666666666665,1.0
227,5.0,5.0,3.0,5.0,5.0,1,2,2,1,1,2,3,1,4.5,1.6666666666666667,2.0
228,3.0,4.0,4.0,2.0,3.0,1,2,1,2,2,3,1,2,3.25,1.6666666666666667,2.0
229,4.0,4.0,4.0,4.0,4.0,1,2,1,1,5,5,5,5,4.0,1.3333333333333333,5.0
230,4.0,4.0,3.0,4.0,5.0,5,5,5,5,2,3,3,3,4.0,5.0,3.0
231,4.0,3.0,3.0,4.0,4.0,5,5,5,5,3,5,4,4,3.5,5.0,4.333333333333333
232,5.0,5.0,3.0,5.0,4.0,1,1,1,1,2,1,4,1,4.25,1.0,2.0
233,4.0,4.0,4.0,2.0,3.0,5,5,5,5,2,2,2,2,3.25,5.0,2.0
234,4.0,5.0,4.0,4.0,4.0,1,2,1,1,3,1,3,1,4.25,1.3333333333333333,1.6666666666666667
235,4.0,5.0,2.0,4.0,4.0,2,4,1,2,4,4,5,5,3.75,2.3333333333333335,4.666666666666667
236,4.0,5.0,5.0,5.0,5.0,1,1,1,3,3,2,4,4,5.0,1.6666666666666667,3.3333333333333335
237,5.0,5.0,5.0,5.0,4.0,4,5,3,4,1,1,1,1,4.75,4.0,1.0
238,5.0,5.0,5.0,3.0,5.0,2,1,3,2,3,2,2,3,4.5,2.0,2.3333333333333335
239,5.0,5.0,5.0,4.0,5.0,5,5,3,5,3,4,4,2,4.75,4.333333333333333,3.3333333333333335
240,4.0,4.0,4.0,5.0,4.0,2,3,3,2,3,4,4,4,4.25,2.6666666666666665,4.0
241,3.0,4.0,3.0,5.0,1.0,1,1,1,2,3,3,3,4,3.25,1.3333333333333333,3.3333333333333335
242,5.0,5.0,5.0,5.0,5.0,5,5,5,5,1,2,1,1,5.0,5.0,1.3333333333333333
243,2.0,3.0,4.0,3.0,1.0,2,3,3,4,3,3,2,4,2.75,3.3333333333333335,3.0
244,3.0,3.0,3.0,3.0,1.0,2,1,3,2,2,1,2,1,2.5,2.0,1.3333333333333333
245,4.0,3.0,4.0,5.0,4.0,5,5,3,5,2,3,3,2,4.0,4.333333333333333,2.6666666666666665
246,4.0,5.0,3.0,4.0,5.0,2,1,1,2,3,1,3,4,4.25,1.3333333333333333,2.6666666666666665
247,3.0,3.0,1.0,2.0,3.0,1,3,2,1,3,3,3,2,2.25,2.0,2.6666666666666665
248,3.0,5.0,5.0,3.0,5.0,4,5,4,5,1,1,1,1,4.5,4.666666666666667,1.0
249,5.0,3.0,5.0,5.0,5.0,2,1,3,2,5,3,5,5,4.5,2.0,4.333333333333333
250,3.0,5.0,1.0,5.0,4.0,5,5,5,5,2,2,4,1,3.75,5.0,2.3333333333333335
251,4.0,5.0,3.0,4.0,5.0,3,3,5,5,2,2,4,4,4.25,4.333333333333333,3.3333333333333335
252,3.0,2.0,5.0,3.0,4.0,2,2,2,2,4,5,5,2,3.5,2.0,4.0
253,5.0,5.0,5.0,3.0,5.0,5,5,5,5,1,1,1,1,4.5,5.0,1.0
254,5.0,5.0,5.0,5.0,5.0,1,1,2,1,2,2,2,4,5.0,1.3333333333333333,2.6666666666666665
255,4.0,4.0,4.0,4.0,2.0,5,4,5,5,3,4,3,4,3.5,4.666666666666667,3.6666666666666665
256,5.0,3.0,4.0,5.0,5.0,4,5,4,4,4,5,4,5,4.25,4.333333333333333,4.666666666666667
257,4.0,4.0,5.0,3.0,5.0,5,5,3,5,2,2,4,1,4.25,4.333333333333333,2.3333333333333335
258,4.0,5.0,5.0,5.0,5.0,5,5,5,5,5,5,5,5,5.0,5.0,5.0
259,3.0,2.0,4.0,2.0,2.0,5,4,4,3,3,1,4,4,2.5,3.6666666666666665,3.0
260,4.0,5.0,2.0,2.0,4.0,5,5,5,5,4,4,4,4,3.25,5.0,4.0
261,5.0,4.0,3.0,5.0,4.0,4,4,4,5,2,1,1,1,4.0,4.333333333333333,1.0
262,3.0,5.0,3.0,3.0,3.0,5,5,4,5,1,2,1,1,3.5,4.666666666666667,1.3333333333333333
263,3.0,3.0,3.0,1.0,4.0,2,2,2,2,4,2,5,4,2.75,2.0,3.6666666666666665
264,5.0,3.0,5.0,5.0,5.0,5,5,5,5,4,5,5,4,4.5,5.0,4.666666666666667
265,4.0,5.0,5.0,4.0,4.0,4,5,5,3,3,3,1,3,4.5,4.333333333333333,2.3333333333333335
266,5.0,5.0,5.0,5.0,4.0,1,1,1,2,4,5,4,2,4.75,1.3333333333333333,3.6666666666666665
267,3.0,4.0,4.0,4.0,1.0,5,5,4,3,2,2,1,1,3.25,4.0,1.3333333333333333
268,3.0,3.0,1.0,4.0,2.0,5,5,5,4,2,2,3,1,2.5,4.666666666666667,2.0
269,4.0,5.0,3.0,5.0,4.0,5,5,5,5,2,4,2,1,4.25,5.0,2.3333333333333335
270,5.0,5.0,5.0,5.0,5.0,1,1,1,3,4,4,4,3,5.0,1.6666666666666667,3.6666666666666665
271,3.0,5.0,2.0,3.0,3.0,1,2,1,1,3,4,3,5,3.25,1.3333333333333333,4.0
272,5.0,5.0,5.0,5.0,5.0,4,2,4,3,1,1,2,3,5.0,3.0,2.0
273,5.0,5.0,5.0,5.0,5.0,1,1,1,1,1,1,2,3,5.0,1.0,2.0
274,5.0,5.0,5.0,5.0,5.0,5,5,5,5,2,2,1,1,5.0,5.0,1.3333333333333333
275,5.0,4.0,5.0,5.0,5.0,4,4,4,5,3,3,5,4,4.75,4.333333333333333,4.0
276,4.0,4.0,5.0,2.0,3.0,2,4,2,2,1,2,1,2,3.5,2.6666666666666665,1.6666666666666667
277,3.0,3.0,5.0,4.0,3.0,3,3,4,3,3,3,3,4,3.75,3.3333333333333335,3.3333333333333335
278,2.0,3.0,3.0,1.0,1.0,5,5,5,5,4,4,5,4,2.0,5.0,4.333333333333333
279,4.0,4.0,4.0,5.0,5.0,5,5,5,5,4,4,4,4,4.5,5.0,4.0
280,3.0,3.0,3.0,1.0,2.0,1,1,3,2,4,5,2,5,2.25,2.0,4.0
281,5.0,5.0,5.0,3.0,3.0,4,2,5,5,2,2,2,3,4.0,4.0,2.3333333333333335
282,4.0,4.0,2.0,4.0,3.0,4,5,4,3,2,4,2,4,3.25,4.0,3.3333333333333335
283,4.0,5.0,5.0,4.0,3.0,4,4,5,2,5,5,4,4,4.25,3.6666666666666665,4.333333333333333
284,5.0,5.0,5.0,3.0,5.0,5,5,3,5,2,2,2,2,4.5,4.333333333333333,2.0
285,5.0,5.0,3.0,5.0,5.0,2,1,1,2,3,3,3,4,4.5,1.3333333333333333,3.3333333333333335
286,5.0,5.0,5.0,5.0,3.0,4,2,5,5,3,1,5,5,4.5,4.0,3.6666666666666665
287,3.0,3.0,2.0,3.0,3.0,3,4,4,3,2,2,2,1,2.75,3.6666666666666665,1.6666666666666667
288,5.0,5.0,5.0,5.0,4.0,5,5,5,5,1,1,1,1,4.75,5.0,1.0
289,3.0,5.0,3.0,3.0,4.0,1,2,2,2,2,3,2,4,3.75,2.0,3.0
290,5.0,3.0,5.0,5.0,5.0,1,1,1,1,1,1,1,1,4.5,1.0,1.0
291,5.0,5.0,4.0,4.0,5.0,4,2,3,4,2,1,2,4,4.5,3.0,2.3333333333333335
292,5.0,4.0,4.0,5.0,5.0,3,3,3,2,2,3,4,1,4.5,2.6666666666666665,2.6666666666666665
293,4.0,2.0,4.0,4.0,5.0,4,4,5,2,2,3,2,3,3.75,3.6666666666666665,2.6666666666666665
294,2.0,2.0,3.0,4.0,2.0,5,5,4,5,1,2,1,1,2.75,4.666666666666667,1.3333333333333333
295,3.0,4.0,3.0,4.0,3.0,2,4,1,4,2,4,3,1,3.5,3.0,2.6666666666666665
296,4.0,5.0,4.0,4.0,4.0,2,1,3,3,1,2,1,2,4.25,2.3333333333333335,1.6666666666666667
297,3.0,3.0,3.0,3.0,4.0,4,5,4,5,1,1,1,1,3.25,4.666666666666667,1.0
298,5.0,4.0,5.0,4.0,5.0,5,5,4,5,3,3,3,5,4.5,4.666666666666667,3.6666666666666665
299,2.0,3.0,2.0,1.0,1.0,5,5,5,3,5,4,5,5,1.75,4.333333333333333,4.666666666666667
300,4.0,5.0,5.0,5.0,5.0,1,1,3,2,2,4,2,1,5.0,2.0,2.3333333333333335
301,4.0,5.0,4.0,4.0,2.0,3,4,4,3,4,5,2,4,3.75,3.6666666666666665,3.6666666666666665
302,1.0,3.0,1.0,1.0,1.0,5,5,5,5,1,1,1,1,1.5,5.0,1.0
303,5.0,5.0,5.0,5.0,5.0,5,3,5,5,2,3,2,3,5.0,4.333333333333333,2.6666666666666665
304,3.0,3.0,1.0,2.0,5.0,5,3,5,3,5,5,5,5,2.75,3.6666666666666665,5.0
305,3.0,1.0,2.0,2.0,4.0,5,5,5,5,1,2,1,3,2.25,5.0,2.0
306,4.0,4.0,4.0,4.0,4.0,1,1,1,1,2,4,1,3,4.0,1.0,2.6666666666666665
307,4.0,3.0,4.0,4.0,4.0,5,5,5,5,4,5,3,4,3.75,5.0,4.0
308,4.0,3.0,2.0,2.0,5.0,2,1,2,3,3,2,5,1,3.0,2.0,2.6666666666666665
309,2.0,3.0,2.0,4.0,1.0,1,1,1,1,4,4,5,4,2.5,1.0,4.333333333333333
310,2.0,2.0,1.0,1.0,3.0,4,5,5,5,3,3,3,3,1.75,5.0,3.0
311,3.0,4.0,3.0,4.0,3.0,4,4,5,3,1,1,1,2,3.5,4.0,1.3333333333333333
312,4.0,4.0,4.0,5.0,4.0,1,1,2,1,1,3,1,1,4.25,1.3333333333333333,1.6666666666666667
313,3.0,2.0,4.0,1.0,3.0,5,5,5,5,2,3,2,3,2.5,5.0,2.6666666666666665
314,5.0,4.0,5.0,5.0,5.0,5,5,5,5,2,1,1,1,4.75,5.0,1.0
315,5.0,5.0,5.0,5.0,5.0,5,5,5,5,3,3,4,3,5.0,5.0,3.3333333333333335
316,4.0,4.0,2.0,2.0,3.0,5,5,5,5,1,2,1,2,2.75,5.0,1.6666666666666667
317,2.0,1.0,3.0,1.0,2.0,4,4,5,4,4,4,5,4,1.75,4.333333333333333,4.333333333333333
318,3.0,4.0,1.0,1.0,5.0,1,1,1,3,2,1,3,1,2.75,1.6666666666666667,1.6666666666666667
319,4.0,4.0,4.0,4.0,5.0,1,1,2,1,1,1,1,1,4.25,1.3333333333333333,1.0
320,5.0,5.0,4.0,3.0,5.0,5,5,5,5,2,1,1,2,4.25,5.0,1.3333333333333333
321,3.0,3.0,4.0,3.0,3.0,1,3,1,3,1,1,2,2,3.25,2.3333333333333335,1.6666666666666667
322,5.0,3.0,3.0,5.0,3.0,4,5,2,4,1,1,1,1,3.5,3.6666666666666665,1.0
323,3.0,3.0,3.0,1.0,3.0,5,5,5,5,1,1,2,1,2.5,5.0,1.3333333333333333
324,5.0,5.0,5.0,3.0,3.0,5,3,5,5,2,1,2,3,4.0,4.333333333333333,2.0
325,3.0,1.0,5.0,4.0,4.0,4,5,5,5,2,3,2,1,3.5,5.0,2.0
326,5.0,5.0,5.0,5.0,5.0,5,3,5,5,2,3,3,4,5.0,4.333333333333333,3.3333333333333335
327,5.0,4.0,5.0,4.0,5.0,5,3,5,3,3,2,2,3,4.5,3.6666666666666665,2.3333333333333335
328,4.0,5.0,3.0,4.0,5.0,1,2,1,1,5,5,5,4,4.25,1.3333333333333333,4.666666666666667
329,4.0,4.0,4.0,4.0,5.0,3,3,3,5,2,1,3,3,4.25,3.6666666666666665,2.3333333333333335
330,4.0,4.0,5.0,5.0,5.0,1,1,1,2,2,2,2,2,4.75,1.3333333333333333,2.0
331,2.0,1.0,3.0,1.0,4.0,5,5,5,5,1,3,3,1,2.25,5.0,2.3333333333333335
332,4.0,5.0,4.0,5.0,4.0,4,4,5,2,2,3,2,2,4.5,3.6666666666666665,2.3333333333333335
333,3.0,4.0,2.0,3.0,3.0,5,5,5,5,3,4,2,3,3.0,5.0,3.0
334,5.0,3.0,4.0,3.0,5.0,1,1,1,2,3,4,2,1,3.75,1.3333333333333333,2.3333333333333335
335,3.0,3.0,3.0,3.0,3.0,3,2,4,4,4,4,4,4,3.0,3.3333333333333335,4.0
336,3.0,2.0,4.0,3.0,2.0,5,5,5,5,4,5,5,4,2.75,5.0,4.666666666666667
337,4.0,4.0,2.0,3.0,4.0,5,5,5,3,2,1,3,3,3.25,4.333333333333333,2.3333333333333335
338,4.0,5.0,5.0,4.0,2.0,1,1,1,1,2,3,4,2,4.0,1.0,3.0
339,4.0,4.0,2.0,5.0,5.0,4,5,3,5,3,4,4,3,4.0,4.333333333333333,3.6666666666666665
340,4.0,4.0,5.0,4.0,5.0,5,5,5,5,3,5,4,2,4.5,5.0,3.6666666666666665
341,4.0,4.0,4.0,4.0,4.0,5,5,5,5,4,5,5,3,4.0,5.0,4.333333333333333
342,4.0,3.0,3.0,4.0,4.0,4,5,4,4,3,4,3,3,3.5,4.333333333333333,3.3333333333333335
343,2.0,3.0,1.0,3.0,1.0,5,5,5,5,2,3,2,2,2.0,5.0,2.3333333333333335
344,5.0,5.0,4.0,5.0,5.0,4,4,4,2,2,3,1,3,4.75,3.3333333333333335,2.3333333333333335
345,3.0,3.0,5.0,3.0,2.0,5,5,5,5,3,2,5,3,3.25,5.0,3.3333333333333335
346,3.0,5.0,3.0,1.0,2.0,2,2,2,3,2,2,3,2,2.75,2.3333333333333335,2.3333333333333335
347,4.0,4.0,5.0,5.0,5.0,5,5,5,4,1,1,2,1,4.75,4.666666666666667,1.3333333333333333
348,4.0,5.0,5.0,2.0,2.0,4,4,3,5,2,2,3,3,3.5,4.0,2.6666666666666665
349,4.0,5.0,5.0,4.0,4.0,1,1,1,1,3,3,5,3,4.5,1.0,3.6666666666666665
350,3.0,1.0,3.0,2.0,2.0,5,3,5,4,2,1,2,2,2.0,4.0,1.6666666666666667
351,4.0,5.0,4.0,4.0,2.0,5,5,5,5,2,1,2,1,3.75,5.0,1.3333333333333333
352,4.0,5.0,2.0,5.0,4.0,5,4,3,5,1,3,1,1,4.0,4.0,1.6666666666666667
353,4.0,4.0,2.0,5.0,5.0,5,5,5,4,1,1,1,1,4.0,4.666666666666667,1.0
354,1.0,2.0,1.0,1.0,2.0,1,1,2,1,2,3,1,2,1.5,1.3333333333333333,2.0
355,5.0,5.0,5.0,5.0,5.0,4,3,4,5,3,3,1,3,5.0,4.0,2.3333333333333335
356,5.0,5.0,5.0,5.0,4.0,3,4,3,4,4,5,4,3,4.75,3.6666666666666665,4.0
357,5.0,5.0,5.0,5.0,5.0,5,5,5,5,3,3,4,3,5.0,5.0,3.3333333333333335
358,5.0,5.0,4.0,5.0,3.0,1,1,1,3,1,1,1,1,4.25,1.6666666666666667,1.0
359,4.0,4.0,5.0,5.0,5.0,5,5,3,3,2,1,1,3,4.75,3.6666666666666665,1.6666666666666667
360,4.0,5.0,5.0,4.0,4.0,1,1,3,1,4,5,4,3,4.5,1.6666666666666667,4.0
361,4.0,2.0,5.0,5.0,4.0,5,5,5,5,3,1,3,5,4.0,5.0,3.0
362,4.0,5.0,4.0,4.0,5.0,5,5,5,5,4,4,3,4,4.5,5.0,3.6666666666666665
363,3.0,4.0,4.0,3.0,1.0,2,1,4,1,1,2,2,1,3.0,2.0,1.6666666666666667
364,3.0,1.0,4.0,5.0,3.0,5,5,5,5,2,1,4,2,3.25,5.0,2.3333333333333335
365,2.0,1.0,2.0,2.0,3.0,5,5,3,5,3,3,3,1,2.0,4.333333333333333,2.3333333333333335
366,4.0,2.0,4.0,5.0,3.0,3,2,3,4,4,4,5,5,3.5,3.0,4.666666666666667
367,3.0,4.0,3.0,4.0,1.0,5,5,4,5,2,1,2,4,3.0,4.666666666666667,2.3333333333333335
368,2.0,3.0,2.0,1.0,2.0,1,1,2,3,2,1,3,3,2.0,2.0,2.3333333333333335
369,3.0,4.0,3.0,5.0,5.0,1,1,1,1,4,4,4,2,4.25,1.0,3.3333333333333335
370,4.0,4.0,5.0,4.0,2.0,4,2,5,2,2,2,1,2,3.75,3.0,1.6666666666666667
371,4.0,3.0,5.0,4.0,4.0,5,5,5,5,4,3,5,2,4.0,5.0,3.3333333333333335
372,4.0,5.0,4.0,5.0,4.0,1,2,1,1,1,1,1,1,4.5,1.3333333333333333,1.0
373,3.0,3.0,3.0,3.0,4.0,5,5,5,5,2,2,2,2,3.25,5.0,2.0
374,3.0,4.0,5.0,5.0,4.0,4,4,5,4,2,2,3,2,4.5,4.333333333333333,2.3333333333333335
375,4.0,2.0,4.0,2.0,5.0,4,4,2,5,3,3,5,4,3.25,3.6666666666666665,4.0
376,4.0,5.0,5.0,2.0,2.0,3,5,3,5,2,3,2,3,3.5,4.333333333333333,2.6666666666666665
377,4.0,4.0,4.0,4.0,5.0,1,2,2,3,4,5,4,3,4.25,2.3333333333333335,4.0
378,4.0,4.0,4.0,5.0,5.0,5,5,5,5,2,2,1,1,4.5,5.0,1.3333333333333333
379,4.0,4.0,2.0,5.0,5.0,2,4,2,4,2,2,3,3,4.0,3.3333333333333335,2.6666666666666665
380,2.0,4.0,3.0,4.0,2.0,5,5,5,5,1,1,1,1,3.25,5.0,1.0
381,5.0,5.0,5.0,5.0,5.0,2,3,3,1,1,1,1,3,5.0,2.3333333333333335,1.6666666666666667
382,3.0,2.0,1.0,2.0,3.0,1,3,2,1,2,3,3,2,2.0,2.0,2.6666666666666665
383,4.0,4.0,2.0,5.0,4.0,4,5,5,4,3,4,2,3,3.75,4.666666666666667,3.0
384,4.0,4.0,3.0,4.0,5.0,1,1,3,1,3,3,5,4,4.0,1.6666666666666667,4.0
385,5.0,5.0,5.0,4.0,5.0,3,5,4,4,3,4,3,3,4.75,4.333333333333333,3.3333333333333335
386,3.0,3.0,3.0,4.0,5.0,1,1,2,1,1,1,2,3,3.75,1.3333333333333333,2.0
387,5.0,5.0,5.0,5.0,5.0,1,1,2,1,2,2,2,4,5.0,1.3333333333333333,2.6666666666666665
388,5.0,5.0,3.0,5.0,3.0,1,3,1,3,2,3,2,3,4.0,2.3333333333333335,2.6666666666666665
389,5.0,5.0,5.0,4.0,5.0,1,1,1,2,2,1,1,4,4.75,1.3333333333333333,2.0
390,2.0,4.0,3.0,2.0,2.0,4,4,4,5,5,5,5,3,2.75,4.333333333333333,4.333333333333333
391,5.0,3.0,5.0,3.0,5.0,5,5,3,4,1,3,2,2,4.0,4.0,2.3333333333333335
392,4.0,4.0,2.0,4.0,4.0,1,2,1,1,2,3,3,4,3.5,1.3333333333333333,3.3333333333333335
393,4.0,2.0,4.0,4.0,5.0,5,5,3,5,5,5,5,5,3.75,4.333333333333333,5.0
394,4.0,4.0,4.0,4.0,5.0,1,1,1,2,1,1,3,2,4.25,1.3333333333333333,2.0
395,5.0,5.0,5.0,5.0,5.0,5,5,5,5,1,1,1,3,5.0,5.0,1.6666666666666667
396,3.0,3.0,3.0,4.0,4.0,1,3,1,1,1,1,1,1,3.5,1.6666666666666667,1.0
397,4.0,2.0,4.0,4.0,5.0,5,5,5,4,2,4,2,1,3.75,4.666666666666667,2.3333333333333335
398,2.0,1.0,1.0,3.0,2.0,5,4,4,4,2,4,2,2,1.75,4.0,2.6666666666666665
399,3.0,3.0,2.0,3.0,5.0,5,4,4,5,3,5,2,3,3.25,4.333333333333333,3.3333333333333335
400,4.0,4.0,2.0,5.0,4.0,5,4,3,5,1,1,1,1,3.75,4.0,1.0
401,3.0,3.0,4.0,3.0,3.0,1,1,3,1,3,3,3,4,3.25,1.6666666666666667,3.3333333333333335
402,4.0,5.0,5.0,5.0,5.0,4,4,4,3,3,3,4,1,5.0,3.6666666666666665,2.6666666666666665
403,4.0,3.0,4.0,4.0,3.0,5,5,5,5,5,5,5,5,3.5,5.0,5.0
404,4.0,5.0,5.0,4.0,4.0,5,5,5,4,3,4,4,1,4.5,4.666666666666667,3.0
405,2.0,1.0,2.0,4.0,2.0,5,5,5,5,2,2,3,2,2.25,5.0,2.3333333333333335
406,4.0,4.0,4.0,5.0,4.0,1,2,2,1,1,2,1,1,4.25,1.6666666666666667,1.3333333333333333
407,3.0,4.0,4.0,1.0,3.0,5,5,5,4,3,4,2,1,3.0,4.666666666666667,2.3333333333333335
408,3.0,1.0,5.0,2.0,4.0,5,5,5,5,4,5,5,2,3.0,5.0,4.0
409,4.0,2.0,4.0,4.0,4.0,4,4,5,5,2,4,2,2,3.5,4.666666666666667,2.6666666666666665
410,3.0,3.0,4.0,3.0,4.0,4,5,5,4,3,5,1,1,3.5,4.666666666666667,2.3333333333333335
411,3.0,3.0,1.0,3.0,2.0,1,2,2,1,4,5,5,4,2.25,1.6666666666666667,4.666666666666667
412,3.0,4.0,4.0,2.0,3.0,5,3,5,5,2,1,4,2,3.25,4.333333333333333,2.3333333333333335
413,5.0,5.0,3.0,5.0,4.0,5,5,5,5,1,1,1,3,4.25,5.0,1.6666666666666667
414,5.0,3.0,5.0,4.0,5.0,5,3,5,5,2,2,2,1,4.25,4.333333333333333,1.6666666666666667
415,5.0,5.0,5.0,5.0,5.0,5,5,5,5,3,1,2,3,5.0,5.0,2.0
416,4.0,2.0,3.0,5.0,2.0,1,2,1,2,4,4,5,4,3.0,1.6666666666666667,4.333333333333333
417,3.0,3.0,1.0,3.0,3.0,1,1,1,1,1,2,1,2,2.5,1.0,1.6666666666666667
418,4.0,5.0,5.0,2.0,4.0,5,5,5,5,3,3,2,3,4.0,5.0,2.6666666666666665
419,4.0,3.0,5.0,5.0,5.0,1,1,1,1,1,1,1,1,4.5,1.0,1.0
420,2.0,3.0,2.0,2.0,3.0,5,5,5,5,2,3,3,2,2.5,5.0,2.6666666666666665
421,5.0,5.0,5.0,5.0,5.0,2,1,1,1,4,5,4,4,5.0,1.0,4.333333333333333
422,3.0,1.0,3.0,3.0,3.0,5,5,5,5,3,2,4,3,2.5,5.0,3.0
423,5.0,5.0,3.0,5.0,4.0,4,4,5,4,1,1,2,2,4.25,4.333333333333333,1.6666666666666667
424,3.0,3.0,3.0,4.0,1.0,1,1,2,1,1,1,3,1,2.75,1.3333333333333333,1.6666666666666667
425,5.0,5.0,5.0,5.0,5.0,4,3,4,5,1,2,1,1,5.0,4.0,1.3333333333333333
426,3.0,3.0,3.0,4.0,3.0,2,2,3,1,1,2,2,2,3.25,2.0,2.0
427,5.0,5.0,4.0,5.0,5.0,5,5,5,3,2,2,3,2,4.75,4.333333333333333,2.3333333333333335
428,4.0,5.0,2.0,5.0,5.0,2,1,2,2,3,1,5,2,4.25,1.6666666666666667,2.6666666666666665
429,4.0,4.0,4.0,4.0,5.0,3,5,5,2,4,3,4,4,4.25,4.0,3.6666666666666665
430,5.0,5.0,5.0,5.0,5.0,5,5,4,4,1,3,2,1,5.0,4.333333333333333,2.0
431,4.0,5.0,4.0,4.0,3.0,5,5,5,5,2,2,2,2,4.0,5.0,2.0
432,5.0,5.0,3.0,5.0,3.0,5,5,3,5,4,4,4,2,4.0,4.333333333333333,3.3333333333333335
433,3.0,4.0,1.0,3.0,3.0,1,1,3,1,4,5,3,5,2.75,1.6666666666666667,4.333333333333333
434,4.0,4.0,4.0,5.0,4.0,5,5,5,5,2,3,2,3,4.25,5.0,2.6666666666666665
435,2.0,3.0,2.0,4.0,1.0,5,5,5,5,3,1,4,2,2.5,5.0,2.3333333333333335
436,3.0,5.0,2.0,3.0,2.0,5,5,5,5,1,1,3,1,3.0,5.0,1.6666666666666667
437,4.0,3.0,5.0,3.0,4.0,5,5,5,5,2,3,2,3,3.75,5.0,2.6666666666666665
438,4.0,4.0,3.0,2.0,2.0,2,2,2,2,1,2,3,1,2.75,2.0,2.0
439,3.0,5.0,1.0,3.0,4.0,5,5,4,5,2,1,1,3,3.25,4.666666666666667,1.6666666666666667
440,4.0,4.0,3.0,4.0,4.0,5,5,5,5,3,5,3,2,3.75,5.0,3.3333333333333335
441,3.0,5.0,1.0,4.0,3.0,5,5,5,5,2,3,1,1,3.25,5.0,1.6666666666666667
442,3.0,5.0,4.0,2.0,3.0,4,3,4,5,2,2,3,2,3.5,4.0,2.3333333333333335
443,4.0,5.0,2.0,5.0,5.0,5,5,4,5,2,4,4,1,4.25,4.666666666666667,3.0
444,3.0,3.0,3.0,3.0,2.0,4,3,5,5,4,4,3,4,2.75,4.333333333333333,3.6666666666666665
445,4.0,4.0,3.0,4.0,4.0,1,2,2,1,3,5,5,5,3.75,1.6666666666666667,5.0
446,4.0,3.0,4.0,3.0,5.0,5,3,5,5,1,3,1,1,3.75,4.333333333333333,1.6666666666666667
447,4.0,3.0,2.0,4.0,4.0,5,3,5,5,3,2,1,3,3.25,4.333333333333333,2.0
448,4.0,4.0,4.0,4.0,2.0,2,2,1,3,2,1,3,1,3.5,2.0,1.6666666666666667
449,4.0,5.0,4.0,4.0,4.0,5,3,3,4,3,2,3,2,4.25,3.3333333333333335,2.3333333333333335
450,3.0,1.0,5.0,4.0,1.0,2,1,2,2,2,3,2,3,2.75,1.6666666666666667,2.6666666666666665
451,4.0,5.0,4.0,5.0,4.0,5,5,5,4,2,4,1,4,4.5,4.666666666666667,3.0
452,3.0,5.0,3.0,5.0,3.0,2,4,1,1,1,3,1,1,4.0,2.0,1.6666666666666667
453,3.0,3.0,2.0,2.0,4.0,5,3,5,4,3,4,5,3,2.75,4.0,4.0
454,3.0,4.0,5.0,3.0,1.0,5,5,5,5,3,4,3,3,3.25,5.0,3.3333333333333335
455,4.0,4.0,2.0,4.0,5.0,5,3,5,5,4,4,4,4,3.75,4.333333333333333,4.0
456,3.0,3.0,4.0,2.0,3.0,4,2,5,4,2,3,3,1,3.0,3.6666666666666665,2.3333333333333335
457,3.0,3.0,4.0,1.0,4.0,1,1,2,3,1,2,1,1,3.0,2.0,1.3333333333333333
458,4.0,3.0,4.0,4.0,4.0,2,3,2,3,1,3,2,1,3.75,2.6666666666666665,2.0
459,4.0,5.0,2.0,5.0,2.0,1,2,2,3,4,5,2,4,3.5,2.3333333333333335,3.6666666666666665
460,3.0,3.0,3.0,2.0,4.0,4,5,2,2,1,1,3,1,3.0,3.0,1.6666666666666667
461,3.0,3.0,4.0,4.0,1.0,5,5,5,4,1,1,2,1,3.0,4.666666666666667,1.3333333333333333
462,4.0,3.0,4.0,5.0,4.0,5,5,5,5,2,2,2,1,4.0,5.0,1.6666666666666667
463,5.0,4.0,4.0,5.0,4.0,1,2,2,2,2,2,1,1,4.25,2.0,1.3333333333333333
464,4.0,4.0,4.0,5.0,2.0,5,3,5,5,1,1,2,1,3.75,4.333333333333333,1.3333333333333333
465,3.0,3.0,5.0,5.0,4.0,1,1,1,2,4,5,5,4,4.25,1.3333333333333333,4.666666666666667
466,3.0,3.0,3.0,2.0,3.0,5,3,5,4,1,1,2,1,2.75,4.0,1.3333333333333333
467,3.0,2.0,4.0,5.0,3.0,1,2,1,3,3,4,4,4,3.5,2.0,4.0
468,3.0,3.0,3.0,3.0,2.0,3,3,3,3,3,3,4,3,2.75,3.0,3.3333333333333335
469,5.0,3.0,5.0,4.0,5.0,1,2,1,1,2,3,3,1,4.25,1.3333333333333333,2.3333333333333335
470,4.0,5.0,5.0,4.0,5.0,5,5,5,5,4,4,4,5,4.75,5.0,4.333333333333333
471,3.0,3.0,3.0,4.0,1.0,1,1,2,1,2,2,3,4,2.75,1.3333333333333333,3.0
472,2.0,1.0,3.0,1.0,1.0,3,5,4,4,2,3,1,1,1.5,4.333333333333333,1.6666666666666667
473,5.0,5.0,3.0,3.0,5.0,5,5,5,3,3,3,3,4,4.0,4.333333333333333,3.3333333333333335
474,3.0,5.0,3.0,1.0,2.0,1,2,1,1,2,1,2,4,2.75,1.3333333333333333,2.3333333333333335
475,4.0,5.0,3.0,5.0,5.0,4,5,5,4,5,5,5,5,4.5,4.666666666666667,5.0
476,5.0,5.0,5.0,3.0,5.0,5,5,4,5,1,1,1,1,4.5,4.666666666666667,1.0
477,3.0,4.0,2.0,2.0,1.0,3,3,5,1,3,4,3,2,2.25,3.0,3.0
478,4.0,4.0,2.0,4.0,5.0,4,2,3,3,4,4,4,4,3.75,2.6666666666666665,4.0
479,3.0,4.0,3.0,4.0,5.0,4,5,2,5,1,1,1,1,4.0,4.0,1.0
480,5.0,3.0,5.0,5.0,5.0,4,4,5,3,4,4,3,2,4.5,4.0,3.0
481,4.0,4.0,5.0,4.0,4.0,2,2,1,2,4,4,3,4,4.25,1.6666666666666667,3.6666666666666665
482,5.0,5.0,5.0,5.0,5.0,1,3,1,1,3,3,4,4,5.0,1.6666666666666667,3.6666666666666665
483,5.0,4.0,5.0,5.0,5.0,1,2,2,1,2,2,3,2,4.75,1.6666666666666667,2.3333333333333335
484,5.0,5.0,5.0,5.0,5.0,5,5,5,4,4,2,3,5,5.0,4.666666666666667,3.3333333333333335
485,5.0,5.0,5.0,5.0,5.0,1,1,1,1,4,5,4,2,5.0,1.0,3.6666666666666665
486,3.0,1.0,3.0,4.0,4.0,3,1,4,1,1,1,1,2,3.0,2.0,1.3333333333333333
487,4.0,5.0,4.0,4.0,5.0,5,5,4,5,2,1,2,4,4.5,4.666666666666667,2.3333333333333335
488,4.0,4.0,4.0,4.0,5.0,5,5,5,3,1,1,1,1,4.25,4.333333333333333,1.0
489,4.0,4.0,5.0,3.0,5.0,5,4,4,5,2,2,2,3,4.25,4.333333333333333,2.3333333333333335
490,3.0,5.0,4.0,2.0,1.0,4,4,5,3,1,1,3,3,3.0,4.0,2.3333333333333335
491,5.0,5.0,5.0,5.0,5.0,1,1,2,2,3,4,5,3,5.0,1.6666666666666667,4.0
492,4.0,2.0,5.0,4.0,5.0,5,5,5,5,3,1,3,4,4.0,5.0,2.6666666666666665
493,3.0,5.0,2.0,4.0,2.0,5,4,4,5,4,4,4,2,3.25,4.333333333333333,3.3333333333333335
494,3.0,1.0,3.0,3.0,3.0,5,5,5,5,2,4,2,1,2.5,5.0,2.3333333333333335
495,4.0,4.0,2.0,4.0,4.0,2,4,1,3,3,4,2,2,3.5,2.6666666666666665,2.6666666666666665
496,3.0,3.0,3.0,4.0,4.0,4,3,2,4,2,3,3,2,3.5,3.0,2.6666666666666665
497,5.0,4.0,5.0,3.0,5.0,5,5,5,5,3,4,4,5,4.25,5.0,4.333333333333333
498,5.0,5.0,5.0,4.0,5.0,1,1,1,2,3,4,4,2,4.75,1.3333333333333333,3.3333333333333335
499,4.0,5.0,4.0,5.0,4.0,1,1,2,2,2,1,2,1,4.5,1.6666666666666667,1.3333333333333333
500,4.0,5.0,4.0,4.0,5.0,1,1,1,1,4,2,2,2,4.5,1.0,2.0
501,3.0,5.0,3.0,2.0,3.0,5,5,5,3,4,4,5,2,3.25,4.333333333333333,3.6666666666666665
502,3.0,3.0,3.0,1.0,3.0,2,2,1,4,1,1,1,1,2.5,2.3333333333333335,1.0
503,4.0,5.0,5.0,2.0,4.0,5,5,5,5,1,3,1,1,4.0,5.0,1.6666666666666667
504,4.0,5.0,5.0,4.0,4.0,5,5,4,3,4,5,2,2,4.5,4.0,3.0
505,3.0,3.0,2.0,4.0,4.0,1,3,1,1,3,4,2,1,3.25,1.6666666666666667,2.3333333333333335
506,5.0,5.0,5.0,5.0,4.0,5,5,3,5,5,3,3,5,4.75,4.333333333333333,3.6666666666666665
507,4.0,3.0,3.0,5.0,5.0,5,5,5,5,1,2,1,1,4.0,5.0,1.3333333333333333
508,4.0,5.0,4.0,4.0,4.0,2,1,3,2,3,4,1,4,4.25,2.0,3.0
509,3.0,4.0,4.0,3.0,3.0,2,3,2,1,4,5,4,5,3.5,2.0,4.666666666666667
510,3.0,2.0,4.0,5.0,4.0,5,5,3,5,2,1,2,1,3.75,4.333333333333333,1.3333333333333333
511,3.0,3.0,3.0,1.0,1.0,5,5,5,4,1,2,2,1,2.0,4.666666666666667,1.6666666666666667
512,3.0,5.0,3.0,3.0,2.0,4,4,4,4,3,1,3,5,3.25,4.0,3.0
513,3.0,3.0,3.0,5.0,5.0,5,5,5,5,2,2,2,1,4.0,5.0,1.6666666666666667
514,3.0,5.0,3.0,4.0,3.0,1,1,2,1,1,1,3,1,3.75,1.3333333333333333,1.6666666666666667
515,5.0,5.0,5.0,5.0,5.0,5,5,5,5,2,2,4,2,5.0,5.0,2.6666666666666665
516,3.0,1.0,3.0,1.0,2.0,5,5,5,5,2,4,2,1,1.75,5.0,2.3333333333333335
517,4.0,4.0,5.0,5.0,5.0,5,5,5,5,1,1,2,2,4.75,5.0,1.6666666666666667
518,4.0,4.0,5.0,5.0,4.0,5,5,5,3,2,2,1,3,4.5,4.333333333333333,2.0
519,3.0,4.0,1.0,3.0,2.0,1,3,3,1,3,2,1,3,2.5,2.3333333333333335,2.0
520,4.0,4.0,5.0,4.0,3.0,3,4,3,3,2,2,3,1,4.0,3.3333333333333335,2.0
521,4.0,5.0,5.0,5.0,2.0,5,5,5,5,2,3,3,3,4.25,5.0,3.0
522,5.0,5.0,5.0,5.0,4.0,1,1,1,1,4,2,5,5,4.75,1.0,4.0
523,3.0,3.0,3.0,3.0,3.0,2,2,3,2,3,3,3,3,3.0,2.3333333333333335,3.0
524,4.0,5.0,3.0,5.0,3.0,5,5,5,5,3,4,2,2,4.0,5.0,2.6666666666666665
525,4.0,5.0,2.0,5.0,4.0,1,1,1,1,1,1,1,3,4.0,1.0,1.6666666666666667
526,5.0,5.0,5.0,5.0,5.0,5,5,4,3,1,1,3,1,5.0,4.0,1.6666666666666667
527,3.0,5.0,4.0,4.0,5.0,5,3,5,5,1,1,1,1,4.5,4.333333333333333,1.0
528,3.0,4.0,4.0,2.0,2.0,3,5,3,4,4,4,3,5,3.0,4.0,4.0
529,4.0,5.0,5.0,2.0,3.0,5,4,5,5,3,2,3,2,3.75,4.666666666666667,2.3333333333333335
530,3.0,4.0,3.0,3.0,1.0,2,2,1,1,2,3,2,4,2.75,1.3333333333333333,3.0
531,4.0,3.0,3.0,5.0,5.0,5,3,5,5,1,1,2,3,4.0,4.333333333333333,2.0
532,5.0,3.0,5.0,5.0,5.0,4,2,2,4,4,4,5,4,4.5,2.6666666666666665,4.333333333333333
533,3.0,5.0,3.0,3.0,5.0,5,5,5,5,2,2,1,2,4.0,5.0,1.6666666666666667
534,4.0,4.0,2.0,3.0,4.0,4,5,4,5,1,2,1,2,3.25,4.666666666666667,1.6666666666666667
535,3.0,3.0,2.0,2.0,4.0,5,5,4,5,4,5,3,2,2.75,4.666666666666667,3.3333333333333335
536,5.0,4.0,4.0,5.0,3.0,5,5,5,5,3,3,3,4,4.0,5.0,3.3333333333333335
537,3.0,1.0,4.0,3.0,3.0,3,3,5,3,2,2,1,1,2.75,3.6666666666666665,1.3333333333333333
538,3.0,3.0,4.0,3.0,3.0,5,5,3,5,4,4,4,5,3.25,4.333333333333333,4.333333333333333
539,3.0,1.0,4.0,3.0,1.0,5,5,5,5,3,4,3,1,2.25,5.0,2.6666666666666665
540,5.0,3.0,5.0,5.0,5.0,1,3,2,1,3,4,1,1,4.5,2.0,2.0
541,2.0,2.0,3.0,3.0,2.0,5,5,5,5,2,3,1,1,2.5,5.0,1.6666666666666667
542,5.0,5.0,5.0,4.0,3.0,5,5,5,5,3,3,4,1,4.25,5.0,2.6666666666666665
543,5.0,5.0,5.0,4.0,5.0,5,5,5,3,4,4,5,5,4.75,4.333333333333333,4.666666666666667
544,3.0,3.0,4.0,5.0,3.0,4,4,5,4,5,5,5,5,3.75,4.333333333333333,5.0
545,5.0,5.0,5.0,4.0,3.0,1,1,1,2,2,2,1,2,4.25,1.3333333333333333,1.6666666666666667
546,5.0,4.0,4.0,5.0,5.0,1,2,1,1,2,2,1,1,4.5,1.3333333333333333,1.3333333333333333
547,3.0,5.0,4.0,4.0,5.0,5,5,5,5,1,2,2,1,4.5,5.0,1.6666666666666667
548,3.0,4.0,5.0,4.0,3.0,2,3,2,3,1,1,2,2,4.0,2.6666666666666665,1.6666666666666667
549,3.0,1.0,3.0,3.0,4.0,2,3,3,1,4,4,5,4,2.75,2.3333333333333335,4.333333333333333
550,5.0,5.0,3.0,5.0,5.0,5,5,4,5,4,5,5,4,4.5,4.666666666666667,4.666666666666667
551,4.0,5.0,4.0,4.0,3.0,5,5,5,4,1,2,1,1,4.0,4.666666666666667,1.3333333333333333
552,5.0,4.0,4.0,5.0,5.0,4,3,4,4,5,5,5,5,4.5,3.6666666666666665,5.0
553,3.0,4.0,5.0,5.0,4.0,5,5,5,5,2,1,1,2,4.5,5.0,1.3333333333333333
554,4.0,3.0,5.0,4.0,4.0,5,5,5,5,3,2,3,1,4.0,5.0,2.0
555,3.0,1.0,1.0,4.0,5.0,2,1,1,2,3,3,4,3,2.75,1.3333333333333333,3.3333333333333335
556,2.0,1.0,3.0,2.0,2.0,5,5,5,5,4,4,4,5,2.0,5.0,4.333333333333333
557,5.0,3.0,5.0,3.0,5.0,1,2,1,1,2,4,1,2,4.0,1.3333333333333333,2.3333333333333335
558,5.0,5.0,5.0,5.0,5.0,5,3,5,4,2,1,3,2,5.0,4.0,2.0
559,4.0,5.0,4.0,5.0,5.0,2,2,1,2,2,1,3,2,4.75,1.6666666666666667,2.0
560,3.0,4.0,5.0,3.0,3.0,5,5,5,5,1,1,2,1,3.75,5.0,1.3333333333333333
561,3.0,3.0,2.0,3.0,5.0,5,5,5,5,3,3,3,1,3.25,5.0,2.3333333333333335
562,5.0,5.0,5.0,3.0,5.0,1,1,3,1,1,1,1,1,4.5,1.6666666666666667,1.0
563,4.0,2.0,5.0,3.0,2.0,1,2,1,1,2,1,4,2,3.0,1.3333333333333333,2.3333333333333335
564,4.0,5.0,4.0,5.0,5.0,1,1,1,1,3,4,4,2,4.75,1.0,3.3333333333333335
565,4.0,5.0,4.0,5.0,4.0,5,3,3,5,2,3,4,1,4.5,3.6666666666666665,2.6666666666666665
566,4.0,3.0,3.0,5.0,4.0,4,5,5,4,4,4,4,5,3.75,4.666666666666667,4.333333333333333
567,3.0,3.0,2.0,4.0,2.0,5,5,5,3,1,1,1,1,2.75,4.333333333333333,1.0
568,5.0,5.0,5.0,5.0,3.0,4,5,3,2,1,1,2,2,4.5,3.3333333333333335,1.6666666666666667
569,2.0,2.0,2.0,1.0,1.0,1,1,1,1,4,4,3,4,1.5,1.0,3.6666666666666665
570,5.0,5.0,5.0,5.0,5.0,1,2,1,1,2,1,2,2,5.0,1.3333333333333333,1.6666666666666667
571,3.0,4.0,3.0,3.0,1.0,1,2,1,1,3,1,4,3,2.75,1.3333333333333333,2.6666666666666665
572,5.0,4.0,5.0,5.0,3.0,4,4,2,3,2,3,3,2,4.25,3.0,2.6666666666666665
573,3.0,3.0,4.0,3.0,3.0,1,1,1,2,2,3,2,3,3.25,1.3333333333333333,2.6666666666666665
574,3.0,3.0,3.0,4.0,4.0,4,4,2,5,2,1,2,4,3.5,3.6666666666666665,2.3333333333333335
575,4.0,4.0,4.0,4.0,5.0,1,1,1,1,2,2,2,1,4.25,1.0,1.6666666666666667
576,3.0,3.0,2.0,1.0,3.0,1,1,1,2,4,5,4,5,2.25,1.3333333333333333,4.666666666666667
577,4.0,3.0,5.0,5.0,5.0,2,3,2,1,5,5,5,3,4.5,2.0,4.333333333333333
578,4.0,4.0,4.0,2.0,5.0,1,3,3,1,1,1,2,1,3.75,2.3333333333333335,1.3333333333333333
579,3.0,2.0,3.0,3.0,2.0,1,1,2,1,4,5,5,5,2.5,1.3333333333333333,5.0
580,3.0,3.0,5.0,4.0,3.0,1,2,2,1,2,1,4,1,3.75,1.6666666666666667,2.0
581,4.0,2.0,5.0,5.0,5.0,4,3,4,4,2,1,3,3,4.25,3.6666666666666665,2.3333333333333335
582,4.0,5.0,5.0,5.0,4.0,1,1,1,1,2,3,2,2,4.75,1.0,2.3333333333333335
583,4.0,2.0,5.0,5.0,2.0,2,1,1,1,3,2,3,5,3.5,1.0,3.3333333333333335
584,5.0,5.0,5.0,5.0,5.0,1,3,2,2,3,3,4,4,5.0,2.3333333333333335,3.6666666666666665
585,4.0,5.0,5.0,3.0,4.0,1,2,2,1,1,1,1,1,4.25,1.6666666666666667,1.0
586,5.0,5.0,5.0,3.0,5.0,5,5,5,5,1,1,1,1,4.5,5.0,1.0
587,4.0,5.0,5.0,4.0,3.0,4,5,4,4,4,5,4,4,4.25,4.333333333333333,4.333333333333333
588,3.0,5.0,5.0,4.0,4.0,5,5,4,5,1,2,1,1,4.5,4.666666666666667,1.3333333333333333
589,4.0,5.0,2.0,4.0,5.0,5,5,5,4,4,3,5,2,4.0,4.666666666666667,3.3333333333333335
590,3.0,2.0,3.0,5.0,5.0,4,5,5,2,2,2,2,4,3.75,4.0,2.6666666666666665
591,3.0,5.0,3.0,3.0,4.0,3,3,3,4,3,3,4,5,3.75,3.3333333333333335,4.0
592,4.0,5.0,4.0,4.0,4.0,5,5,5,4,1,1,1,3,4.25,4.666666666666667,1.6666666666666667
593,2.0,3.0,1.0,2.0,3.0,1,1,1,1,3,4,1,4,2.25,1.0,3.0
594,5.0,4.0,5.0,5.0,5.0,1,1,1,2,3,1,4,4,4.75,1.3333333333333333,3.0
595,4.0,4.0,5.0,4.0,5.0,1,1,3,2,1,1,1,3,4.5,2.0,1.6666666666666667
596,5.0,4.0,5.0,5.0,5.0,5,5,5,4,1,1,1,1,4.75,4.666666666666667,1.0
597,3.0,1.0,1.0,3.0,4.0,1,1,1,1,1,2,2,2,2.25,1.0,2.0
598,4.0,4.0,5.0,5.0,5.0,1,1,2,1,3,3,1,3,4.75,1.3333333333333333,2.3333333333333335
599,4.0,5.0,2.0,5.0,3.0,1,2,1,2,1,1,1,1,3.75,1.6666666666666667,1.0
600,5.0,5.0,5.0,5.0,3.0,4,5,4,2,1,2,1,1,4.5,3.6666666666666665,1.3333333333333333
601,4.0,3.0,2.0,4.0,5.0,1,1,2,1,1,1,1,1,3.5,1.3333333333333333,1.0
602,5.0,5.0,3.0,5.0,5.0,5,4,5,5,1,1,2,2,4.5,4.666666666666667,1.6666666666666667
603,3.0,4.0,1.0,1.0,3.0,1,3,2,1,1,1,1,3,2.25,2.0,1.6666666666666667
604,5.0,5.0,5.0,5.0,5.0,1,1,1,3,1,1,1,1,5.0,1.6666666666666667,1.0
605,5.0,5.0,5.0,5.0,5.0,5,5,3,3,1,1,2,1,5.0,3.6666666666666665,1.3333333333333333
606,3.0,4.0,3.0,2.0,4.0,5,5,5,5,3,3,3,3,3.25,5.0,3.0
607,4.0,2.0,5.0,3.0,5.0,1,1,2,2,2,1,4,1,3.75,1.6666666666666667,2.0
608,4.0,2.0,4.0,5.0,2.0,1,1,1,3,4,3,5,5,3.25,1.6666666666666667,4.333333333333333
609,5.0,5.0,5.0,5.0,5.0,4,4,5,4,2,1,1,2,5.0,4.333333333333333,1.3333333333333333
610,5.0,5.0,5.0,5.0,5.0,1,3,1,3,2,1,2,1,5.0,2.3333333333333335,1.3333333333333333
611,4.0,4.0,4.0,2.0,4.0,4,3,5,4,1,1,1,1,3.5,4.0,1.0
612,5.0,5.0,5.0,5.0,4.0,1,1,1,1,4,4,3,3,4.75,1.0,3.3333333333333335
613,5.0,5.0,3.0,3.0,3.0,5,3,3,4,1,2,1,1,3.5,3.3333333333333335,1.3333333333333333
614,5.0,5.0,5.0,5.0,3.0,1,1,1,1,1,1,1,1,4.5,1.0,1.0
615,4.0,4.0,4.0,3.0,5.0,5,5,5,3,1,2,1,1,4.0,4.333333333333333,1.3333333333333333
616,3.0,4.0,3.0,5.0,5.0,5,4,5,4,1,1,2,2,4.25,4.333333333333333,1.6666666666666667
617,3.0,4.0,5.0,2.0,5.0,2,2,3,2,2,1,2,2,4.0,2.3333333333333335,1.6666666666666667
618,4.0,5.0,5.0,3.0,4.0,1,2,1,1,1,1,1,1,4.25,1.3333333333333333,1.0
619,3.0,3.0,5.0,3.0,1.0,1,2,3,3,2,1,2,3,3.0,2.6666666666666665,2.0
620,4.0,5.0,4.0,4.0,5.0,1,1,1,1,1,1,1,3,4.5,1.0,1.6666666666666667
621,2.0,1.0,2.0,2.0,1.0,5,5,5,5,2,1,1,2,1.5,5.0,1.3333333333333333
622,5.0,5.0,5.0,3.0,3.0,1,2,1,1,3,3,4,1,4.0,1.3333333333333333,2.6666666666666665
623,3.0,3.0,3.0,4.0,5.0,5,5,5,5,1,1,1,3,3.75,5.0,1.6666666666666667
624,4.0,5.0,4.0,2.0,5.0,4,3,4,3,2,2,3,4,4.0,3.3333333333333335,3.0
625,5.0,5.0,5.0,5.0,4.0,1,2,1,1,4,2,5,3,4.75,1.3333333333333333,3.3333333333333335
626,4.0,5.0,5.0,3.0,5.0,2,3,1,2,2,2,2,3,4.5,2.0,2.3333333333333335
627,4.0,5.0,4.0,5.0,3.0,4,2,4,4,4,3,2,4,4.25,3.3333333333333335,3.0
628,5.0,4.0,5.0,3.0,5.0,5,5,5,5,2,2,1,3,4.25,5.0,2.0
629,4.0,4.0,2.0,5.0,5.0,1,1,1,1,1,2,1,1,4.0,1.0,1.3333333333333333
630,3.0,4.0,3.0,3.0,2.0,2,3,1,1,3,1,4,4,3.0,1.6666666666666667,3.0
631,3.0,4.0,3.0,3.0,4.0,5,5,5,5,1,1,1,1,3.5,5.0,1.0
632,5.0,5.0,5.0,5.0,3.0,5,5,5,4,3,4,4,5,4.5,4.666666666666667,4.333333333333333
633,3.0,2.0,3.0,2.0,3.0,1,1,1,1,5,5,5,5,2.5,1.0,5.0
634,5.0,4.0,5.0,5.0,5.0,5,5,5,5,5,5,5,5,4.75,5.0,5.0
635,4.0,5.0,5.0,5.0,3.0,5,5,5,5,3,2,4,3,4.5,5.0,3.0
636,4.0,5.0,2.0,4.0,5.0,4,4,4,5,2,3,3,3,4.0,4.333333333333333,3.0
637,4.0,5.0,5.0,4.0,3.0,5,4,5,4,1,1,2,1,4.25,4.333333333333333,1.3333333333333333
638,3.0,3.0,3.0,3.0,3.0,1,2,3,1,3,3,4,4,3.0,2.0,3.6666666666666665
639,4.0,4.0,4.0,4.0,4.0,5,5,5,5,3,2,3,4,4.0,5.0,3.0
640,3.0,5.0,3.0,4.0,3.0,5,4,4,5,3,4,4,1,3.75,4.333333333333333,3.0
641,3.0,3.0,4.0,4.0,4.0,4,4,4,2,3,5,3,5,3.75,3.3333333333333335,4.333333333333333
642,3.0,4.0,3.0,3.0,4.0,5,5,5,5,4,4,3,2,3.5,5.0,3.0
643,4.0,5.0,4.0,2.0,4.0,5,4,5,5,2,1,3,3,3.75,4.666666666666667,2.3333333333333335
644,4.0,4.0,5.0,4.0,4.0,5,5,5,5,2,1,1,1,4.25,5.0,1.0
645,4.0,4.0,4.0,3.0,5.0,1,2,3,1,4,4,5,4,4.0,2.0,4.333333333333333
646,4.0,5.0,2.0,5.0,3.0,4,2,4,4,1,3,1,1,3.75,3.3333333333333335,1.6666666666666667
647,4.0,4.0,2.0,5.0,5.0,1,1,2,1,1,3,1,1,4.0,1.3333333333333333,1.6666666666666667
648,4.0,4.0,4.0,5.0,4.0,5,5,5,4,4,4,5,4,4.25,4.666666666666667,4.333333333333333
649,5.0,5.0,5.0,5.0,5.0,5,3,5,5,1,2,1,2,5.0,4.333333333333333,1.6666666666666667
650,5.0,5.0,4.0,5.0,3.0,1,1,1,1,3,1,3,4,4.25,1.0,2.6666666666666665
651,4.0,3.0,5.0,4.0,4.0,5,5,5,5,1,3,1,1,4.0,5.0,1.6666666666666667
652,2.0,2.0,1.0,2.0,2.0,5,5,5,4,2,4,3,3,1.75,4.666666666666667,3.3333333333333335
653,4.0,5.0,5.0,3.0,5.0,4,2,5,5,2,2,2,1,4.5,4.0,1.6666666666666667
654,5.0,3.0,5.0,3.0,5.0,5,5,3,5,5,4,3,5,4.0,4.333333333333333,4.0
655,4.0,2.0,5.0,5.0,2.0,5,3,4,5,1,3,2,1,3.5,4.0,2.0
656,4.0,2.0,5.0,5.0,5.0,3,3,2,1,3,2,3,4,4.25,2.0,3.0
657,2.0,3.0,2.0,2.0,1.0,3,2,4,5,2,2,3,3,2.0,3.6666666666666665,2.6666666666666665
658,5.0,4.0,4.0,4.0,5.0,4,4,2,3,4,5,5,4,4.25,3.0,4.666666666666667
659,3.0,5.0,4.0,2.0,4.0,4,5,5,4,3,1,3,3,3.75,4.666666666666667,2.3333333333333335
660,2.0,3.0,3.0,2.0,2.0,3,5,5,4,3,5,4,2,2.5,4.666666666666667,3.6666666666666665
661,2.0,4.0,3.0,4.0,2.0,1,1,2,1,1,1,2,2,3.25,1.3333333333333333,1.6666666666666667
662,3.0,3.0,2.0,5.0,3.0,2,2,3,2,2,1,4,1,3.25,2.3333333333333335,2.0
663,4.0,2.0,4.0,5.0,5.0,2,3,1,3,2,2,2,3,4.0,2.3333333333333335,2.3333333333333335
664,5.0,5.0,5.0,5.0,3.0,2,2,3,3,2,4,1,2,4.5,2.6666666666666665,2.3333333333333335
665,3.0,3.0,1.0,5.0,3.0,1,1,1,1,2,2,3,2,3.0,1.0,2.3333333333333335
666,3.0,3.0,4.0,3.0,2.0,5,4,3,5,1,1,1,1,3.0,4.0,1.0
667,4.0,3.0,5.0,5.0,5.0,1,1,1,1,2,4,1,2,4.5,1.0,2.3333333333333335
668,3.0,4.0,3.0,2.0,3.0,1,3,1,1,2,2,4,3,3.0,1.6666666666666667,3.0
669,4.0,4.0,5.0,5.0,5.0,1,2,3,3,3,3,4,2,4.75,2.6666666666666665,3.0
670,3.0,3.0,1.0,3.0,1.0,1,2,3,3,1,1,1,1,2.0,2.6666666666666665,1.0
671,3.0,3.0,2.0,3.0,4.0,1,1,2,1,3,5,3,5,3.0,1.3333333333333333,4.333333333333333
672,5.0,3.0,5.0,5.0,5.0,4,5,4,4,2,1,1,4,4.5,4.333333333333333,2.0
673,3.0,3.0,5.0,3.0,4.0,5,5,5,4,2,4,1,3,3.75,4.666666666666667,2.6666666666666665
674,3.0,3.0,3.0,5.0,2.0,5,5,4,5,2,2,2,2,3.25,4.666666666666667,2.0
675,4.0,4.0,4.0,5.0,2.0,1,1,1,3,2,3,3,1,3.75,1.6666666666666667,2.3333333333333335
676,3.0,4.0,4.0,3.0,4.0,4,5,2,4,3,3,1,3,3.75,3.6666666666666665,2.3333333333333335
677,4.0,4.0,4.0,3.0,2.0,5,5,5,3,1,1,2,1,3.25,4.333333333333333,1.3333333333333333
678,3.0,5.0,3.0,2.0,3.0,2,2,1,1,2,3,3,1,3.25,1.3333333333333333,2.3333333333333335
679,4.0,5.0,5.0,2.0,5.0,2,3,4,3,1,1,1,2,4.25,3.3333333333333335,1.3333333333333333
680,4.0,4.0,4.0,4.0,4.0,1,1,1,1,3,4,3,4,4.0,1.0,3.6666666666666665
681,2.0,3.0,4.0,4.0,4.0,4,5,5,4,3,4,1,2,3.75,4.666666666666667,2.3333333333333335
682,3.0,4.0,4.0,5.0,3.0,4,4,3,3,2,3,4,2,4.0,3.3333333333333335,3.0
683,4.0,5.0,5.0,5.0,2.0,5,5,5,4,2,1,3,2,4.25,4.666666666666667,2.0
684,3.0,3.0,4.0,3.0,4.0,4,4,5,5,3,4,3,2,3.5,4.666666666666667,3.0
685,3.0,3.0,4.0,5.0,1.0,1,1,2,1,3,2,4,2,3.25,1.3333333333333333,2.6666666666666665
686,4.0,5.0,2.0,5.0,4.0,4,4,5,4,4,4,5,4,4.0,4.333333333333333,4.333333333333333
687,5.0,5.0,5.0,5.0,5.0,4,4,4,4,2,2,2,1,5.0,4.0,1.6666666666666667
688,3.0,3.0,1.0,1.0,5.0,1,2,2,2,2,1,1,2,2.5,2.0,1.3333333333333333
689,4.0,4.0,5.0,2.0,2.0,5,5,5,5,5,3,4,5,3.25,5.0,4.0
690,3.0,1.0,4.0,3.0,1.0,5,4,5,5,1,2,1,1,2.25,4.666666666666667,1.3333333333333333
691,4.0,5.0,2.0,5.0,4.0,2,1,2,3,4,5,3,3,4.0,2.0,3.6666666666666665
692,4.0,5.0,4.0,4.0,5.0,2,2,3,2,4,5,3,4,4.5,2.3333333333333335,4.0
693,5.0,5.0,4.0,5.0,5.0,4,5,4,4,1,1,1,1,4.75,4.333333333333333,1.0
694,5.0,5.0,4.0,5.0,5.0,5,5,5,3,1,1,3,2,4.75,4.333333333333333,2.0
695,2.0,3.0,2.0,1.0,2.0,2,3,2,1,3,4,4,2,2.0,2.0,3.3333333333333335
696,5.0,5.0,5.0,5.0,5.0,1,1,2,3,2,2,3,3,5.0,2.0,2.6666666666666665
697,3.0,4.0,4.0,5.0,4.0,5,5,5,5,3,3,3,5,4.25,5.0,3.6666666666666665
698,5.0,5.0,5.0,5.0,5.0,4,4,5,5,4,2,3,4,5.0,4.666666666666667,3.0
699,4.0,3.0,3.0,5.0,5.0,4,2,5,4,5,5,5,5,4.0,3.6666666666666665,5.0
700,3.0,3.0,3.0,4.0,2.0,4,5,4,4,4,5,5,2,3.0,4.333333333333333,4.0
701,5.0,4.0,5.0,5.0,4.0,1,3,1,3,1,1,1,3,4.5,2.3333333333333335,1.6666666666666667
702,3.0,4.0,3.0,4.0,3.0,1,2,1,1,3,1,5,4,3.5,1.3333333333333333,3.3333333333333335
703,3.0,3.0,4.0,3.0,1.0,4,5,5,4,2,2,2,3,2.75,4.666666666666667,2.3333333333333335
704,4.0,3.0,5.0,5.0,5.0,5,5,5,5,3,3,5,3,4.5,5.0,3.6666666666666665
705,4.0,5.0,4.0,2.0,5.0,5,5,4,5,3,1,5,3,4.0,4.666666666666667,3.0
706,3.0,4.0,2.0,3.0,4.0,4,4,4,4,2,1,2,2,3.25,4.0,1.6666666666666667
707,4.0,5.0,4.0,5.0,3.0,5,5,5,5,2,1,2,4,4.25,5.0,2.3333333333333335
708,4.0,4.0,5.0,4.0,4.0,2,2,2,3,3,4,4,4,4.25,2.3333333333333335,4.0
709,3.0,3.0,2.0,5.0,1.0,5,5,5,5,3,5,3,5,2.75,5.0,4.333333333333333
710,4.0,4.0,2.0,5.0,2.0,1,3,2,1,2,3,4,1,3.25,2.0,2.6666666666666665
711,5.0,4.0,3.0,5.0,3.0,5,5,5,5,3,3,1,3,3.75,5.0,2.3333333333333335
712,3.0,3.0,2.0,3.0,3.0,5,5,5,5,3,4,5,3,2.75,5.0,4.0
713,4.0,4.0,5.0,4.0,4.0,5,5,5,5,5,5,5,5,4.25,5.0,5.0
714,4.0,5.0,5.0,5.0,4.0,5,5,5,3,1,3,1,3,4.75,4.333333333333333,2.3333333333333335
715,4.0,5.0,5.0,5.0,5.0,5,5,5,5,1,1,1,2,5.0,5.0,1.3333333333333333
716,5.0,3.0,4.0,3.0,4.0,3,5,1,3,3,3,4,4,3.5,3.0,3.6666666666666665
717,4.0,4.0,5.0,2.0,2.0,4,5,4,5,2,2,2,4,3.25,4.666666666666667,2.6666666666666665
718,5.0,5.0,5.0,3.0,5.0,1,2,3,2,1,1,1,1,4.5,2.3333333333333335,1.0
719,5.0,5.0,4.0,3.0,5.0,5,5,5,5,2,3,4,3,4.25,5.0,3.3333333333333335
720,4.0,5.0,5.0,5.0,5.0,5,5,5,5,2,1,3,2,5.0,5.0,2.0
721,4.0,4.0,5.0,5.0,4.0,5,3,5,5,2,2,4,2,4.5,4.333333333333333,2.6666666666666665
722,4.0,2.0,5.0,5.0,5.0,5,5,5,5,1,3,1,2,4.25,5.0,2.0
723,4.0,5.0,5.0,5.0,4.0,5,5,5,4,4,4,5,5,4.75,4.666666666666667,4.666666666666667
724,3.0,1.0,3.0,1.0,3.0,1,2,1,1,3,1,3,3,2.0,1.3333333333333333,2.3333333333333335
725,2.0,3.0,1.0,3.0,4.0,5,5,5,5,5,5,5,3,2.75,5.0,4.333333333333333
726,3.0,3.0,4.0,4.0,1.0,1,3,2,3,1,1,1,2,3.0,2.6666666666666665,1.3333333333333333
727,4.0,4.0,5.0,5.0,3.0,1,1,1,1,3,3,3,3,4.25,1.0,3.0
728,4.0,5.0,4.0,3.0,4.0,1,1,1,2,3,3,2,1,4.0,1.3333333333333333,2.0
729,4.0,4.0,5.0,5.0,5.0,5,5,4,3,1,1,2,2,4.75,4.0,1.6666666666666667
730,5.0,5.0,5.0,5.0,5.0,4,5,3,2,2,3,2,1,5.0,3.3333333333333335,2.0
731,3.0,4.0,2.0,4.0,3.0,5,4,5,5,3,4,5,3,3.25,4.666666666666667,4.0
732,3.0,3.0,1.0,3.0,4.0,5,5,4,5,3,5,3,1,2.75,4.666666666666667,3.0
733,4.0,5.0,2.0,4.0,5.0,4,5,4,5,2,3,2,2,4.0,4.666666666666667,2.3333333333333335
734,3.0,3.0,3.0,4.0,5.0,5,5,5,5,2,3,3,2,3.75,5.0,2.6666666666666665
735,3.0,3.0,3.0,2.0,4.0,1,1,1,3,2,2,2,2,3.0,1.6666666666666667,2.0
736,4.0,3.0,5.0,5.0,5.0,1,1,1,2,2,3,2,4,4.5,1.3333333333333333,3.0
737,4.0,5.0,5.0,5.0,2.0,1,2,1,2,1,1,1,1,4.25,1.6666666666666667,1.0
738,4.0,4.0,2.0,4.0,5.0,4,5,3,3,3,4,3,3,3.75,3.6666666666666665,3.3333333333333335
739,2.0,3.0,3.0,3.0,4.0,3,4,4,4,2,4,1,2,3.25,4.0,2.3333333333333335
740,4.0,2.0,4.0,5.0,4.0,5,5,5,4,2,2,1,3,3.75,4.666666666666667,2.0
741,4.0,3.0,4.0,4.0,4.0,2,4,1,2,3,1,2,5,3.75,2.3333333333333335,2.6666666666666665
742,3.0,5.0,4.0,3.0,3.0,1,1,1,1,1,1,1,1,3.75,1.0,1.0
743,2.0,2.0,3.0,4.0,1.0,4,4,4,5,1,2,1,2,2.5,4.333333333333333,1.6666666666666667
744,5.0,5.0,5.0,5.0,5.0,4,5,4,4,3,5,4,3,5.0,4.333333333333333,4.0
745,5.0,5.0,5.0,3.0,5.0,1,1,2,1,3,4,1,3,4.5,1.3333333333333333,2.6666666666666665
746,4.0,5.0,4.0,5.0,4.0,4,2,5,5,1,3,1,1,4.5,4.0,1.6666666666666667
747,3.0,3.0,3.0,5.0,3.0,1,1,1,2,4,5,2,3,3.5,1.3333333333333333,3.3333333333333335
748,5.0,5.0,5.0,5.0,5.0,5,5,3,5,1,1,2,1,5.0,4.333333333333333,1.3333333333333333
749,3.0,1.0,1.0,3.0,4.0,5,5,5,5,4,5,3,5,2.25,5.0,4.333333333333333
750,5.0,3.0,4.0,5.0,5.0,4,5,5,5,2,3,1,3,4.25,5.0,2.3333333333333335
751,3.0,3.0,3.0,3.0,3.0,5,5,3,5,2,2,4,2,3.0,4.333333333333333,2.6666666666666665
752,3.0,5.0,3.0,4.0,4.0,3,3,4,5,3,3,4,4,4.0,4.0,3.6666666666666665
753,3.0,3.0,3.0,3.0,3.0,4,5,4,5,1,2,3,1,3.0,4.666666666666667,2.0
754,4.0,5.0,4.0,3.0,4.0,5,5,5,5,4,5,4,4,4.0,5.0,4.333333333333333
755,4.0,4.0,5.0,5.0,2.0,5,5,4,5,3,1,4,3,4.0,4.666666666666667,2.6666666666666665
756,2.0,1.0,1.0,1.0,1.0,1,2,1,3,2,1,3,4,1.0,2.0,2.6666666666666665
757,4.0,5.0,5.0,4.0,5.0,5,5,4,4,2,2,4,1,4.75,4.333333333333333,2.3333333333333335
758,5.0,5.0,5.0,3.0,3.0,1,1,1,2,1,1,2,3,4.0,1.3333333333333333,2.0
759,3.0,3.0,3.0,3.0,3.0,1,1,1,1,3,3,4,4,3.0,1.0,3.6666666666666665
760,4.0,4.0,2.0,5.0,4.0,5,5,5,5,1,1,1,2,3.75,5.0,1.3333333333333333
761,5.0,3.0,5.0,5.0,5.0,1,2,1,3,3,3,1,1,4.5,2.0,1.6666666666666667
762,5.0,5.0,5.0,5.0,5.0,1,1,1,2,2,1,2,3,5.0,1.3333333333333333,2.0
763,3.0,3.0,4.0,4.0,2.0,4,3,5,3,4,5,4,5,3.25,3.6666666666666665,4.666666666666667
764,3.0,3.0,3.0,3.0,4.0,4,4,2,5,3,4,4,3,3.25,3.6666666666666665,3.6666666666666665
765,4.0,5.0,5.0,4.0,4.0,4,2,4,5,1,3,1,1,4.5,3.6666666666666665,1.6666666666666667
766,2.0,3.0,4.0,1.0,2.0,5,5,5,5,5,4,5,5,2.5,5.0,4.666666666666667
767,4.0,3.0,4.0,5.0,3.0,5,5,5,4,1,1,1,2,3.75,4.666666666666667,1.3333333333333333
768,5.0,4.0,4.0,4.0,5.0,1,1,1,1,4,5,5,4,4.25,1.0,4.666666666666667
769,3.0,4.0,4.0,4.0,1.0,1,1,2,1,2,2,1,3,3.25,1.3333333333333333,2.0
770,3.0,1.0,3.0,3.0,5.0,4,5,4,4,3,3,4,4,3.0,4.333333333333333,3.6666666666666665
771,4.0,5.0,2.0,5.0,4.0,5,5,5,5,5,5,5,5,4.0,5.0,5.0
772,4.0,5.0,4.0,4.0,5.0,1,3,1,1,3,3,3,3,4.5,1.6666666666666667,3.0
773,2.0,2.0,2.0,2.0,3.0,5,5,5,4,1,2,1,1,2.25,4.666666666666667,1.3333333333333333
774,5.0,5.0,5.0,3.0,3.0,5,4,5,5,3,5,4,4,4.0,4.666666666666667,4.333333333333333
775,3.0,4.0,4.0,5.0,3.0,5,5,5,5,1,2,2,1,4.0,5.0,1.6666666666666667
776,3.0,1.0,3.0,3.0,3.0,1,1,2,2,4,4,3,4,2.5,1.6666666666666667,3.6666666666666665
777,3.0,4.0,3.0,2.0,3.0,5,5,5,5,3,4,5,4,3.0,5.0,4.333333333333333
778,2.0,2.0,3.0,4.0,2.0,5,5,5,4,3,1,3,3,2.75,4.666666666666667,2.3333333333333335
779,5.0,5.0,5.0,5.0,4.0,1,2,3,2,3,4,1,3,4.75,2.3333333333333335,2.6666666666666665
780,3.0,4.0,1.0,4.0,1.0,2,3,1,3,3,3,3,4,2.5,2.3333333333333335,3.3333333333333335
781,4.0,4.0,4.0,2.0,5.0,2,4,2,4,2,1,2,4,3.75,3.3333333333333335,2.3333333333333335
782,3.0,4.0,1.0,2.0,3.0,3,3,2,3,1,1,1,1,2.5,2.6666666666666665,1.0
783,3.0,1.0,5.0,5.0,4.0,5,5,5,3,2,1,3,3,3.75,4.333333333333333,2.3333333333333335
784,4.0,4.0,5.0,5.0,4.0,5,3,5,5,3,3,4,2,4.5,4.333333333333333,3.0
785,5.0,5.0,5.0,4.0,5.0,5,4,4,5,3,1,1,1,4.75,4.333333333333333,1.0
786,5.0,5.0,5.0,3.0,5.0,5,5,5,5,5,4,5,3,4.5,5.0,4.0
787,2.0,1.0,1.0,1.0,2.0,5,5,5,5,3,5,3,5,1.25,5.0,4.333333333333333
788,3.0,3.0,3.0,3.0,3.0,5,5,5,5,3,4,3,4,3.0,5.0,3.6666666666666665
789,4.0,2.0,5.0,4.0,5.0,2,2,4,3,5,5,4,5,4.0,3.0,4.666666666666667
790,5.0,5.0,5.0,3.0,5.0,1,2,1,1,2,2,3,3,4.5,1.3333333333333333,2.6666666666666665
791,4.0,5.0,5.0,4.0,4.0,5,5,5,5,1,2,1,1,4.5,5.0,1.3333333333333333
792,3.0,5.0,3.0,3.0,3.0,4,4,5,4,4,2,5,5,3.5,4.333333333333333,4.0
793,5.0,5.0,5.0,5.0,5.0,1,1,2,2,2,1,1,2,5.0,1.6666666666666667,1.3333333333333333
794,5.0,5.0,4.0,5.0,5.0,5,3,5,5,2,4,1,2,4.75,4.333333333333333,2.3333333333333335
795,3.0,3.0,4.0,4.0,3.0,2,1,2,2,2,4,2,2,3.5,1.6666666666666667,2.6666666666666665
796,5.0,5.0,5.0,5.0,5.0,4,5,3,4,4,2,5,5,5.0,4.0,4.0
797,3.0,4.0,1.0,2.0,4.0,1,1,1,1,3,3,2,2,2.75,1.0,2.3333333333333335
798,4.0,4.0,3.0,3.0,3.0,5,5,5,3,2,1,2,3,3.25,4.333333333333333,2.0
799,5.0,5.0,4.0,5.0,5.0,5,3,5,5,1,1,1,1,4.75,4.333333333333333,1.0
800,4.0,5.0,4.0,4.0,4.0,1,1,1,1,1,1,1,1,4.25,1.0,1.0
801,3.0,4.0,3.0,1.0,2.0,1,2,1,2,1,3,2,1,2.5,1.6666666666666667,2.0
802,4.0,4.0,5.0,5.0,5.0,2,3,3,2,3,4,2,5,4.75,2.6666666666666665,3.6666666666666665
803,4.0,4.0,4.0,4.0,3.0,5,5,4,5,2,2,1,1,3.75,4.666666666666667,1.3333333333333333
804,5.0,5.0,5.0,5.0,5.0,3,3,4,4,1,1,1,2,5.0,3.6666666666666665,1.3333333333333333
805,5.0,5.0,3.0,5.0,3.0,1,2,3,1,3,1,2,5,4.0,2.0,2.6666666666666665
806,3.0,1.0,3.0,1.0,2.0,5,5,4,5,2,3,1,1,1.75,4.666666666666667,1.6666666666666667
807,3.0,2.0,3.0,1.0,4.0,2,2,1,2,2,4,1,3,2.5,1.6666666666666667,2.6666666666666665
808,4.0,4.0,5.0,5.0,5.0,1,2,3,1,4,4,5,5,4.75,2.0,4.666666666666667
809,4.0,5.0,2.0,5.0,4.0,4,5,5,5,2,3,2,3,4.0,5.0,2.6666666666666665
810,3.0,2.0,3.0,3.0,3.0,1,1,2,1,2,1,1,3,2.75,1.3333333333333333,1.6666666666666667
811,3.0,3.0,4.0,4.0,3.0,1,1,1,3,2,1,4,1,3.5,1.6666666666666667,2.0
812,4.0,5.0,4.0,5.0,4.0,5,5,5,5,1,3,1,1,4.5,5.0,1.6666666666666667
813,3.0,3.0,4.0,2.0,3.0,5,5,5,3,3,3,2,4,3.0,4.333333333333333,3.0
814,5.0,3.0,5.0,5.0,3.0,5,3,5,5,4,4,4,2,4.0,4.333333333333333,3.3333333333333335
815,5.0,5.0,4.0,5.0,5.0,4,3,4,5,1,1,1,2,4.75,4.0,1.3333333333333333
816,5.0,3.0,5.0,3.0,5.0,1,1,2,1,1,1,1,2,4.0,1.3333333333333333,1.3333333333333333
817,3.0,4.0,3.0,3.0,1.0,5,5,5,5,5,5,5,5,2.75,5.0,5.0
818,5.0,5.0,5.0,4.0,5.0,5,3,3,3,2,2,1,1,4.75,3.0,1.3333333333333333
819,3.0,2.0,3.0,3.0,1.0,5,5,3,4,1,2,2,3,2.25,4.0,2.3333333333333335
820,3.0,2.0,3.0,2.0,4.0,4,5,5,4,3,1,2,2,2.75,4.666666666666667,1.6666666666666667
821,5.0,5.0,5.0,3.0,5.0,1,1,2,1,1,1,1,1,4.5,1.3333333333333333,1.0
822,4.0,3.0,3.0,4.0,5.0,3,2,3,3,3,2,3,3,3.75,2.6666666666666665,2.6666666666666665
823,5.0,5.0,5.0,5.0,5.0,5,4,5,5,5,5,5,5,5.0,4.666666666666667,5.0
824,3.0,3.0,4.0,3.0,3.0,5,5,4,5,4,3,3,5,3.25,4.666666666666667,3.6666666666666665
825,4.0,2.0,5.0,4.0,3.0,5,5,5,5,3,3,4,3,3.5,5.0,3.3333333333333335
826,4.0,5.0,4.0,4.0,4.0,5,5,5,5,4,5,5,2,4.25,5.0,4.0
827,3.0,3.0,5.0,2.0,2.0,5,5,5,5,4,2,4,5,3.0,5.0,3.6666666666666665
828,4.0,4.0,5.0,4.0,2.0,5,5,5,3,1,1,1,1,3.75,4.333333333333333,1.0
829,4.0,5.0,4.0,4.0,2.0,4,4,2,4,3,3,4,5,3.75,3.3333333333333335,4.0
830,4.0,4.0,4.0,3.0,4.0,1,2,1,1,1,1,1,2,3.75,1.3333333333333333,1.3333333333333333
831,5.0,5.0,5.0,5.0,5.0,2,1,1,2,1,1,1,1,5.0,1.3333333333333333,1.0
832,5.0,5.0,5.0,4.0,5.0,5,5,3,5,2,1,4,2,4.75,4.333333333333333,2.3333333333333335
833,3.0,3.0,2.0,3.0,5.0,5,5,4,5,2,2,2,3,3.25,4.666666666666667,2.3333333333333335
834,5.0,5.0,5.0,4.0,5.0,5,3,5,5,3,3,3,4,4.75,4.333333333333333,3.3333333333333335
835,3.0,5.0,4.0,4.0,3.0,1,1,1,1,4,5,5,3,4.0,1.0,4.333333333333333
836,3.0,3.0,1.0,1.0,1.0,1,1,2,3,1,3,1,1,1.5,2.0,1.6666666666666667
837,3.0,3.0,3.0,3.0,3.0,5,3,3,5,1,1,3,1,3.0,3.6666666666666665,1.6666666666666667
838,3.0,3.0,1.0,4.0,5.0,1,1,2,2,3,1,4,3,3.25,1.6666666666666667,2.6666666666666665
839,4.0,2.0,5.0,3.0,3.0,2,2,3,1,2,3,1,2,3.25,2.0,2.0
840,4.0,5.0,4.0,4.0,5.0,2,4,2,2,2,3,1,4,4.5,2.6666666666666665,2.6666666666666665
841,5.0,5.0,5.0,5.0,5.0,5,4,5,5,1,2,1,1,5.0,4.666666666666667,1.3333333333333333
842,4.0,5.0,5.0,4.0,2.0,5,5,5,3,3,3,5,2,4.0,4.333333333333333,3.3333333333333335
843,3.0,2.0,5.0,5.0,3.0,5,3,5,5,3,3,4,1,3.75,4.333333333333333,2.6666666666666665
844,4.0,2.0,3.0,4.0,4.0,2,3,1,3,2,4,3,2,3.25,2.3333333333333335,3.0
845,3.0,5.0,4.0,4.0,3.0,5,4,3,5,1,2,2,2,4.0,4.0,2.0
846,3.0,5.0,1.0,3.0,5.0,1,1,3,1,4,4,3,5,3.5,1.6666666666666667,4.0
847,5.0,5.0,4.0,5.0,3.0,1,1,2,2,1,1,1,2,4.25,1.6666666666666667,1.3333333333333333
848,5.0,5.0,5.0,5.0,5.0,1,1,1,3,4,4,5,5,5.0,1.6666666666666667,4.666666666666667
849,4.0,2.0,4.0,5.0,5.0,5,5,5,5,1,2,1,1,4.0,5.0,1.3333333333333333
850,3.0,3.0,3.0,5.0,4.0,4,4,5,5,3,1,4,4,3.75,4.666666666666667,3.0
851,4.0,4.0,4.0,3.0,3.0,5,5,5,5,2,1,1,2,3.5,5.0,1.3333333333333333
852,3.0,2.0,4.0,5.0,5.0,5,4,5,5,3,3,1,4,4.0,4.666666666666667,2.6666666666666665
853,3.0,3.0,3.0,2.0,3.0,1,2,2,1,1,1,2,1,2.75,1.6666666666666667,1.3333333333333333
854,3.0,2.0,3.0,4.0,2.0,5,3,5,5,4,4,5,4,2.75,4.333333333333333,4.333333333333333
855,4.0,2.0,5.0,4.0,4.0,5,5,5,5,2,1,3,1,3.75,5.0,1.6666666666666667
856,3.0,1.0,4.0,2.0,4.0,1,3,1,2,3,1,2,3,2.75,2.0,2.0
857,5.0,5.0,5.0,4.0,5.0,3,3,3,4,1,1,2,1,4.75,3.3333333333333335,1.3333333333333333
858,4.0,5.0,2.0,4.0,4.0,1,1,3,3,3,1,3,5,3.75,2.3333333333333335,3.0
859,5.0,5.0,5.0,3.0,5.0,5,5,5,5,1,2,1,1,4.5,5.0,1.3333333333333333
860,1.0,1.0,1.0,1.0,1.0,1,1,1,2,3,2,5,3,1.0,1.3333333333333333,3.3333333333333335
861,3.0,3.0,4.0,3.0,3.0,1,1,2,1,1,1,1,1,3.25,1.3333333333333333,1.0
862,4.0,2.0,4.0,5.0,5.0,2,3,4,4,3,5,3,5,4.0,3.6666666666666665,4.333333333333333
863,2.0,1.0,2.0,1.0,3.0,5,5,5,5,3,4,1,4,1.75,5.0,3.0
864,4.0,5.0,5.0,3.0,4.0,2,3,2,1,3,4,4,3,4.25,2.0,3.6666666666666665
865,3.0,3.0,3.0,1.0,1.0,1,2,1,2,4,5,3,5,2.0,1.6666666666666667,4.333333333333333
866,2.0,2.0,3.0,2.0,2.0,4,4,3,4,2,4,2,1,2.25,3.6666666666666665,2.3333333333333335
867,3.0,3.0,3.0,5.0,4.0,4,5,4,4,1,1,1,2,3.75,4.333333333333333,1.3333333333333333
868,3.0,3.0,3.0,3.0,3.0,4,5,4,4,3,2,4,4,3.0,4.333333333333333,3.3333333333333335
869,4.0,3.0,4.0,4.0,5.0,5,4,5,5,3,3,5,3,4.0,4.666666666666667,3.6666666666666665
870,5.0,4.0,5.0,4.0,3.0,1,1,1,1,2,3,4,2,4.0,1.0,3.0
871,5.0,5.0,5.0,5.0,3.0,5,3,5,5,3,1,3,4,4.5,4.333333333333333,2.6666666666666665
872,4.0,4.0,5.0,3.0,3.0,5,5,5,5,2,4,3,1,3.75,5.0,2.6666666666666665
873,4.0,2.0,2.0,4.0,5.0,1,3,3,2,2,2,3,2,3.25,2.6666666666666665,2.3333333333333335
874,4.0,4.0,4.0,4.0,4.0,1,1,2,2,2,1,3,3,4.0,1.6666666666666667,2.3333333333333335
875,4.0,2.0,3.0,4.0,3.0,5,3,5,3,1,1,1,2,3.0,3.6666666666666665,1.3333333333333333
876,5.0,5.0,5.0,5.0,5.0,5,5,4,5,1,2,1,2,5.0,4.666666666666667,1.6666666666666667
877,4.0,3.0,2.0,2.0,5.0,4,5,5,4,3,3,5,2,3.0,4.666666666666667,3.3333333333333335
878,5.0,5.0,5.0,5.0,5.0,1,1,2,1,2,2,4,2,5.0,1.3333333333333333,2.6666666666666665
879,4.0,4.0,5.0,5.0,4.0,4,3,4,5,3,3,3,4,4.5,4.0,3.3333333333333335
880,2.0,3.0,2.0,3.0,4.0,3,3,3,4,3,1,2,5,3.0,3.3333333333333335,2.6666666666666665
881,2.0,2.0,3.0,1.0,2.0,5,5,4,5,1,1,2,2,2.0,4.666666666666667,1.6666666666666667
882,5.0,5.0,5.0,5.0,5.0,3,3,4,3,1,2,1,1,5.0,3.3333333333333335,1.3333333333333333
883,2.0,2.0,2.0,2.0,2.0,4,4,4,4,1,3,3,1,2.0,4.0,2.3333333333333335
884,3.0,3.0,3.0,2.0,2.0,1,1,3,1,2,2,3,2,2.5,1.6666666666666667,2.3333333333333335
885,4.0,4.0,4.0,2.0,4.0,1,1,1,3,5,5,5,3,3.5,1.6666666666666667,4.333333333333333
886,3.0,4.0,3.0,2.0,3.0,1,1,1,1,1,1,2,2,3.0,1.0,1.6666666666666667
887,2.0,2.0,4.0,2.0,1.0,5,3,5,5,2,2,3,2,2.25,4.333333333333333,2.3333333333333335
888,4.0,4.0,4.0,4.0,2.0,1,1,3,3,3,5,3,1,3.5,2.3333333333333335,3.0
889,4.0,4.0,5.0,5.0,4.0,1,1,1,2,4,3,4,4,4.5,1.3333333333333333,3.6666666666666665
890,3.0,3.0,3.0,5.0,3.0,1,1,1,3,1,1,1,2,3.5,1.6666666666666667,1.3333333333333333
891,2.0,4.0,3.0,2.0,2.0,5,5,5,4,2,1,4,2,2.75,4.666666666666667,2.3333333333333335
892,5.0,5.0,5.0,3.0,5.0,5,5,5,4,4,5,4,5,4.5,4.666666666666667,4.666666666666667
893,4.0,5.0,5.0,5.0,3.0,1,2,1,1,1,1,2,2,4.5,1.3333333333333333,1.6666666666666667
894,1.0,2.0,2.0,1.0,1.0,1,2,1,1,1,1,1,2,1.5,1.3333333333333333,1.3333333333333333
895,4.0,4.0,4.0,5.0,3.0,5,5,5,5,4,4,4,2,4.0,5.0,3.3333333333333335
896,5.0,5.0,5.0,4.0,5.0,5,4,5,5,3,3,3,4,4.75,4.666666666666667,3.3333333333333335
897,4.0,3.0,5.0,4.0,5.0,5,5,5,5,3,2,3,4,4.25,5.0,3.0
898,3.0,2.0,2.0,1.0,1.0,4,5,5,5,3,3,4,3,1.5,5.0,3.3333333333333335
899,4.0,4.0,5.0,4.0,5.0,1,2,1,1,1,1,3,1,4.5,1.3333333333333333,1.6666666666666667
900,5.0,5.0,4.0,5.0,5.0,1,1,1,1,5,5,5,5,4.75,1.0,5.0
901,4.0,4.0,5.0,5.0,5.0,4,4,4,5,2,2,1,2,4.75,4.333333333333333,1.6666666666666667
902,4.0,4.0,5.0,5.0,4.0,5,5,5,5,2,1,2,2,4.5,5.0,1.6666666666666667
903,3.0,3.0,3.0,4.0,2.0,1,1,1,1,3,2,2,2,3.0,1.0,2.0
904,3.0,3.0,3.0,4.0,3.0,1,2,1,2,2,2,4,2,3.25,1.6666666666666667,2.6666666666666665
905,5.0,5.0,5.0,4.0,3.0,2,1,4,2,1,1,2,1,4.25,2.3333333333333335,1.3333333333333333
906,3.0,4.0,4.0,3.0,5.0,1,1,1,2,2,3,2,1,4.0,1.3333333333333333,2.0
907,2.0,4.0,2.0,2.0,2.0,1,3,1,1,1,1,3,1,2.5,1.6666666666666667,1.6666666666666667
908,4.0,3.0,4.0,2.0,4.0,5,5,5,5,1,3,1,1,3.25,5.0,1.6666666666666667
909,4.0,5.0,3.0,3.0,5.0,5,3,5,3,4,2,4,4,4.0,3.6666666666666665,3.3333333333333335
910,4.0,5.0,4.0,5.0,4.0,4,5,4,4,4,4,4,5,4.5,4.333333333333333,4.333333333333333
911,3.0,1.0,1.0,1.0,4.0,1,1,1,1,2,2,2,3,1.75,1.0,2.3333333333333335
912,5.0,3.0,4.0,5.0,4.0,1,1,3,2,1,1,1,1,4.0,2.0,1.0
913,4.0,2.0,4.0,5.0,4.0,1,2,1,1,2,2,1,3,3.75,1.3333333333333333,2.0
914,4.0,3.0,5.0,4.0,4.0,5,4,5,5,3,1,3,3,4.0,4.666666666666667,2.3333333333333335
915,5.0,5.0,3.0,4.0,5.0,3,2,4,4,2,2,1,1,4.25,3.3333333333333335,1.3333333333333333
916,4.0,5.0,2.0,3.0,4.0,1,1,2,2,5,5,5,5,3.5,1.6666666666666667,5.0
917,4.0,5.0,5.0,5.0,5.0,4,4,2,4,2,1,2,3,5.0,3.3333333333333335,2.0
918,4.0,5.0,3.0,2.0,5.0,5,5,5,5,2,3,2,3,3.75,5.0,2.6666666666666665
919,3.0,5.0,4.0,1.0,3.0,5,4,3,3,5,5,5,5,3.25,3.3333333333333335,5.0
920,5.0,5.0,5.0,5.0,5.0,1,1,2,1,1,1,1,1,5.0,1.3333333333333333,1.0
921,5.0,5.0,5.0,5.0,5.0,1,1,1,1,1,1,1,1,5.0,1.0,1.0
922,4.0,5.0,4.0,3.0,5.0,1,1,1,1,3,3,1,3,4.25,1.0,2.3333333333333335
923,4.0,5.0,2.0,3.0,5.0,2,2,3,3,2,2,1,2,3.75,2.6666666666666665,1.6666666666666667
924,5.0,5.0,5.0,5.0,3.0,5,5,3,5,2,4,3,4,4.5,4.333333333333333,3.6666666666666665
925,3.0,3.0,5.0,2.0,2.0,5,5,5,5,5,5,5,5,3.0,5.0,5.0
926,4.0,2.0,4.0,4.0,4.0,2,2,1,1,2,2,2,3,3.5,1.3333333333333333,2.3333333333333335
927,5.0,3.0,4.0,3.0,4.0,5,3,5,5,1,1,1,1,3.5,4.333333333333333,1.0
928,2.0,2.0,2.0,2.0,2.0,4,4,4,4,3,5,1,4,2.0,4.0,3.3333333333333335
929,4.0,4.0,2.0,4.0,5.0,1,1,1,1,1,2,1,2,3.75,1.0,1.6666666666666667
930,4.0,3.0,5.0,5.0,4.0,1,1,1,2,2,3,3,1,4.25,1.3333333333333333,2.3333333333333335
931,5.0,5.0,5.0,5.0,5.0,1,1,2,3,2,2,1,2,5.0,2.0,1.6666666666666667
932,4.0,4.0,5.0,5.0,4.0,5,5,5,5,2,3,1,1,4.5,5.0,1.6666666666666667
933,4.0,3.0,3.0,4.0,4.0,5,3,5,5,3,3,4,2,3.5,4.333333333333333,3.0
934,5.0,5.0,5.0,4.0,5.0,2,2,1,1,4,3,5,5,4.75,1.3333333333333333,4.333333333333333
935,4.0,4.0,3.0,4.0,2.0,5,4,5,5,4,4,4,4,3.25,4.666666666666667,4.0
936,3.0,5.0,4.0,4.0,1.0,2,3,3,3,3,4,3,3,3.5,3.0,3.3333333333333335
937,4.0,3.0,2.0,5.0,5.0,1,2,1,2,2,1,2,2,3.75,1.6666666666666667,1.6666666666666667
938,3.0,3.0,3.0,3.0,4.0,4,5,5,4,2,2,3,2,3.25,4.666666666666667,2.3333333333333335
939,3.0,2.0,3.0,3.0,2.0,5,5,4,4,1,1,1,2,2.5,4.333333333333333,1.3333333333333333
940,4.0,4.0,2.0,4.0,4.0,1,1,1,1,2,1,4,1,3.5,1.0,2.0
941,5.0,5.0,5.0,3.0,5.0,1,1,1,1,3,3,2,5,4.5,1.0,3.3333333333333335
942,4.0,5.0,4.0,5.0,4.0,1,3,2,3,1,1,2,3,4.5,2.6666666666666665,2.0
943,3.0,4.0,4.0,4.0,2.0,1,2,1,3,4,5,4,5,3.5,2.0,4.666666666666667
944,4.0,5.0,4.0,2.0,4.0,2,4,1,2,3,4,3,3,3.75,2.3333333333333335,3.3333333333333335
945,4.0,4.0,5.0,2.0,4.0,5,5,5,5,3,3,3,1,3.75,5.0,2.3333333333333335
946,3.0,3.0,5.0,3.0,3.0,5,5,5,5,2,1,2,4,3.5,5.0,2.3333333333333335
947,4.0,3.0,2.0,4.0,5.0,2,2,3,3,3,3,4,4,3.5,2.6666666666666665,3.6666666666666665
948,3.0,3.0,4.0,3.0,2.0,1,1,1,1,1,3,1,2,3.0,1.0,2.0
949,3.0,4.0,3.0,3.0,3.0,1,1,1,2,2,2,3,3,3.25,1.3333333333333333,2.6666666666666665
950,5.0,3.0,4.0,5.0,5.0,4,4,2,5,4,2,4,3,4.25,3.6666666666666665,3.0
951,4.0,4.0,5.0,5.0,5.0,2,2,3,3,5,5,3,5,4.75,2.6666666666666665,4.333333333333333
952,4.0,2.0,5.0,5.0,4.0,5,5,5,5,4,4,5,3,4.0,5.0,4.0
953,5.0,5.0,3.0,4.0,5.0,1,1,1,1,4,5,4,5,4.25,1.0,4.666666666666667
954,3.0,4.0,5.0,4.0,3.0,1,1,1,3,2,4,3,4,4.0,1.6666666666666667,3.6666666666666665
955,3.0,3.0,3.0,1.0,4.0,5,5,5,5,3,4,1,4,2.75,5.0,3.0
956,4.0,4.0,5.0,4.0,4.0,5,5,3,5,5,5,5,5,4.25,4.333333333333333,5.0
957,5.0,5.0,5.0,5.0,5.0,5,5,5,5,5,3,5,5,5.0,5.0,4.333333333333333
958,5.0,5.0,5.0,5.0,4.0,5,5,5,3,2,1,1,2,4.75,4.333333333333333,1.3333333333333333
959,2.0,3.0,2.0,3.0,2.0,1,1,2,2,1,1,3,2,2.5,1.6666666666666667,2.0
960,3.0,4.0,3.0,3.0,2.0,5,5,3,5,3,3,1,3,3.0,4.333333333333333,2.3333333333333335
961,5.0,5.0,5.0,5.0,3.0,5,5,4,5,3,3,2,4,4.5,4.666666666666667,3.0
962,5.0,5.0,5.0,4.0,3.0,5,5,5,3,3,3,1,3,4.25,4.333333333333333,2.3333333333333335
963,3.0,5.0,3.0,4.0,3.0,5,5,5,5,1,1,1,1,3.75,5.0,1.0
964,3.0,3.0,3.0,1.0,2.0,1,1,1,1,4,5,5,4,2.25,1.0,4.666666666666667
965,5.0,5.0,5.0,5.0,5.0,1,2,1,2,3,3,1,4,5.0,1.6666666666666667,2.6666666666666665
966,4.0,4.0,3.0,5.0,4.0,4,5,4,3,3,4,2,3,4.0,4.0,3.0
967,3.0,5.0,1.0,4.0,3.0,1,1,1,1,4,3,4,3,3.25,1.0,3.3333333333333335
968,3.0,3.0,3.0,4.0,3.0,5,5,5,5,2,2,2,2,3.25,5.0,2.0
969,3.0,5.0,3.0,4.0,3.0,5,5,5,5,3,4,4,4,3.75,5.0,4.0
970,4.0,2.0,4.0,5.0,5.0,5,4,3,5,2,1,1,1,4.0,4.0,1.0
971,5.0,5.0,5.0,5.0,5.0,2,3,2,2,2,3,2,2,5.0,2.3333333333333335,2.3333333333333335
972,4.0,4.0,5.0,5.0,4.0,4,2,5,5,1,3,2,1,4.5,4.0,2.0
973,5.0,5.0,5.0,5.0,5.0,4,5,5,5,2,1,2,3,5.0,5.0,2.0
974,5.0,5.0,5.0,5.0,5.0,1,2,1,2,3,2,4,3,5.0,1.6666666666666667,3.0
975,4.0,5.0,4.0,5.0,5.0,1,2,1,1,1,1,1,1,4.75,1.3333333333333333,1.0
976,4.0,4.0,2.0,5.0,4.0,5,5,5,5,1,1,1,1,3.75,5.0,1.0
977,5.0,5.0,4.0,5.0,5.0,3,5,3,3,1,2,2,1,4.75,3.6666666666666665,1.6666666666666667
978,5.0,5.0,5.0,5.0,5.0,5,5,4,5,2,1,1,3,5.0,4.666666666666667,1.6666666666666667
979,5.0,5.0,5.0,5.0,5.0,5,3,5,5,1,2,1,1,5.0,4.333333333333333,1.3333333333333333
980,2.0,1.0,2.0,1.0,4.0,3,3,4,2,1,1,2,1,2.0,3.0,1.3333333333333333
981,5.0,5.0,5.0,4.0,3.0,5,4,5,3,2,1,2,2,4.25,4.0,1.6666666666666667
982,3.0,3.0,3.0,1.0,3.0,5,5,5,5,4,4,5,5,2.5,5.0,4.666666666666667
983,4.0,4.0,4.0,5.0,4.0,5,5,5,5,3,2,4,2,4.25,5.0,2.6666666666666665
984,3.0,3.0,2.0,4.0,4.0,2,2,1,2,1,2,1,1,3.25,1.6666666666666667,1.3333333333333333
985,5.0,5.0,5.0,5.0,5.0,5,5,5,5,2,3,3,2,5.0,5.0,2.6666666666666665
986,4.0,5.0,5.0,5.0,4.0,4,4,2,4,2,1,2,3,4.75,3.3333333333333335,2.0
987,5.0,5.0,5.0,5.0,5.0,5,3,5,5,2,2,3,4,5.0,4.333333333333333,3.0
988,4.0,5.0,4.0,3.0,5.0,3,3,4,1,1,1,3,1,4.25,2.6666666666666665,1.6666666666666667
989,3.0,4.0,2.0,3.0,4.0,5,5,5,5,1,2,1,1,3.25,5.0,1.3333333333333333
990,4.0,4.0,4.0,2.0,3.0,4,5,5,4,3,3,3,3,3.25,4.666666666666667,3.0
991,3.0,4.0,4.0,4.0,4.0,1,1,1,2,1,1,1,1,4.0,1.3333333333333333,1.0
992,4.0,5.0,4.0,4.0,4.0,5,4,5,5,1,2,2,2,4.25,4.666666666666667,2.0
993,4.0,4.0,2.0,5.0,4.0,5,5,5,4,3,3,4,1,3.75,4.666666666666667,2.6666666666666665
994,3.0,1.0,3.0,4.0,2.0,1,1,1,2,2,4,1,1,2.5,1.3333333333333333,2.0
995,3.0,1.0,4.0,2.0,3.0,5,5,5,5,3,4,4,5,2.5,5.0,4.333333333333333
996,4.0,3.0,4.0,5.0,4.0,4,4,5,4,2,1,2,2,4.0,4.333333333333333,1.6666666666666667
997,4.0,2.0,4.0,2.0,4.0,1,2,3,3,3,2,4,4,3.0,2.6666666666666665,3.3333333333333335
998,5.0,3.0,5.0,5.0,5.0,4,3,5,4,2,3,2,2,4.5,4.0,2.3333333333333335
999,4.0,4.0,3.0,3.0,5.0,5,5,5,5,4,2,2,4,3.75,5.0,2.6666666666666665
1000,4.0,5.0,5.0,4.0,5.0,4,5,4,4,2,2,3,4,4.75,4.333333333333333,3.0
